,date,type,price,units,value,fee
0,2022-04-03 22:00:00,BUY,0.94264,10078.078587795977,9500.0,0.0
1,2022-04-04 02:00:00,SELL,0.91842,10078.078587795977,9255.90893660358,0.0
2,2022-04-04 07:00:00,BUY,0.93117,9953.191672598345,9268.113489773401,0.0
3,2022-04-04 09:00:00,SELL,0.91875,9953.191672598345,9144.49484919973,0.0
4,2022-04-07 19:00:00,BUY,0.79971,11442.492630113931,9150.675781228412,0.0
5,2022-04-08 10:00:00,SELL,0.79006,11442.492630113931,9040.255727347812,0.0
6,2022-04-09 22:00:00,BUY,0.78228,11563.349095006703,9045.776730041844,0.0
7,2022-04-10 07:00:00,SELL,0.77675,11563.349095006703,8981.831409546458,0.0
8,2022-04-10 16:00:00,BUY,0.78118,11501.867272038744,8985.028675571226,0.0
9,2022-04-10 22:00:00,SELL,0.75768,11501.867272038744,8714.734794678316,0.0
10,2022-04-12 10:00:00,BUY,0.72547,12031.165297976433,8728.249488722962,0.0
11,2022-04-12 21:00:00,SELL,0.71535,12031.165297976433,8606.494095907441,0.0
12,2022-04-13 00:00:00,BUY,0.72712,11844.787470497602,8612.581865548216,0.0
13,2022-04-14 13:00:00,SELL,0.73279,11844.787470497602,8679.741810505939,0.0
14,2022-04-15 10:00:00,BUY,0.73719,11769.535415914557,8676.383813258053,0.0
15,2022-04-16 15:00:00,SELL,0.72919,11769.535415914557,8582.227529930737,0.0
16,2022-04-16 21:00:00,BUY,0.7407,11593.000329549213,8586.935344097103,0.0
17,2022-04-17 04:00:00,SELL,0.7353,11593.000329549213,8524.333142317537,0.0
18,2022-04-17 13:00:00,BUY,0.7406,11514.263100737935,8527.463252406515,0.0
19,2022-04-17 18:00:00,SELL,0.72664,11514.263100737935,8366.724139520213,0.0
20,2022-04-18 17:00:00,BUY,0.7273,11514.864698425035,8374.761095164527,0.0
21,2022-04-20 15:00:00,SELL,0.7364,11514.864698425035,8479.546363920197,0.0
22,2022-04-21 04:00:00,BUY,0.74977,11302.542246932277,8474.307100482414,0.0
23,2022-04-21 05:00:00,SELL,0.74122,11302.542246932277,8377.670364271142,0.0
24,2022-04-21 07:00:00,BUY,0.75502,11102.357819768622,8382.502201081705,0.0
25,2022-04-21 19:00:00,SELL,0.74377,11102.357819768622,8257.600675609308,0.0
26,2022-04-23 13:00:00,BUY,0.72322,11426.461867596208,8263.84575188293,0.0
27,2022-04-23 17:00:00,SELL,0.7136,11426.461867596208,8153.923188716654,0.0
28,2022-04-25 19:00:00,BUY,0.70319,11603.434799805127,8159.419316874967,0.0
29,2022-04-26 15:00:00,SELL,0.66331,11603.434799805127,7696.674337058738,0.0
30,2022-04-28 02:00:00,BUY,0.6675,11565.260803070487,7719.81158604955,0.0
31,2022-04-29 08:00:00,SELL,0.67106,11565.260803070487,7760.983914508481,0.0
32,2022-05-01 23:00:00,BUY,0.60194,12889.86493352416,7758.9252980855335,0.0
33,2022-05-02 09:00:00,SELL,0.58827,12889.86493352416,7582.720844444258,0.0
34,2022-05-02 19:00:00,BUY,0.608,12486.070834089345,7591.531067126321,0.0
35,2022-05-03 22:00:00,SELL,0.66539,12486.070834089345,8308.10667229471,0.0
36,2022-05-04 01:00:00,BUY,0.67316,12288.724659867328,8272.27789203629,0.0
37,2022-05-04 12:00:00,SELL,0.66451,12288.724659867328,8165.980423728439,0.0
38,2022-05-04 18:00:00,BUY,0.69413,11771.995587489131,8171.295297143831,0.0
39,2022-05-05 14:00:00,SELL,0.662,11771.995587489131,7793.061078917805,0.0
40,2022-05-06 16:00:00,BUY,0.69267,11278.058512464964,7811.972789829107,0.0
41,2022-05-08 19:00:00,SELL,0.73249,11278.058512464964,8261.065079795462,0.0
42,2022-05-13 02:00:00,BUY,0.45339,18171.134046399664,8238.610465297144,0.0
43,2022-05-13 23:00:00,SELL,0.43921,18171.134046399664,7980.943784519196,0.0
44,2022-05-14 02:00:00,BUY,0.46923,17036.052934718784,7993.827118558094,0.0
45,2022-05-14 04:00:00,SELL,0.44631,17036.052934718784,7603.3607852943405,0.0
46,2022-05-14 23:00:00,BUY,0.45624,16708.057386370172,7622.8841019575275,0.0
47,2022-05-16 07:00:00,SELL,0.447,16708.057386370172,7468.501651707467,0.0
48,2022-05-16 19:00:00,BUY,0.47537,15727.161525169806,7476.220774219971,0.0
49,2022-05-18 04:00:00,SELL,0.4743,15727.161525169806,7459.392711388039,0.0
50,2022-05-19 15:00:00,BUY,0.45744,16308.661495561462,7460.234114529636,0.0
51,2022-05-19 18:00:00,SELL,0.43429,16308.661495561462,7082.688600907388,0.0
52,2022-05-20 01:00:00,BUY,0.45175,15720.123689183178,7101.5658765885,0.0
53,2022-05-20 05:00:00,SELL,0.44171,15720.123689183178,6943.735834749102,0.0
54,2022-05-20 09:00:00,BUY,0.44722,15544.088674122515,6951.627336841071,0.0
55,2022-05-20 14:00:00,SELL,0.435,15544.088674122515,6761.678573243294,0.0
56,2022-05-21 17:00:00,BUY,0.43628,15520.25307468411,6771.176011423183,0.0
57,2022-05-21 21:00:00,SELL,0.42818,15520.25307468411,6645.461961518242,0.0
58,2022-05-22 01:00:00,BUY,0.4346,15305.447915355475,6651.747664013489,0.0
59,2022-05-22 04:00:00,SELL,0.42366,15305.447915355475,6484.3060638195,0.0
60,2022-05-22 09:00:00,BUY,0.4382,14816.70046515107,6492.678143829199,0.0
61,2022-05-23 19:00:00,SELL,0.42906,14816.70046515107,6357.253501577718,0.0
62,2022-05-25 02:00:00,BUY,0.41656,15277.570418883937,6364.024733690293,0.0
63,2022-05-25 06:00:00,SELL,0.41006,15277.570418883937,6264.720525967547,0.0
64,2022-05-28 20:00:00,BUY,0.36735,17067.335610054943,6269.685736353684,0.0
65,2022-05-28 22:00:00,SELL,0.3615,17067.335610054943,6169.841823034862,0.0
66,2022-05-29 11:00:00,BUY,0.36875,16745.31259308692,6174.8340187008025,0.0
67,2022-05-31 15:00:00,SELL,0.40609,16745.31259308692,6800.103990926667,0.0
68,2022-05-31 16:00:00,BUY,0.41377,16358.944564166984,6768.840492315374,0.0
69,2022-05-31 19:00:00,SELL,0.40365,16358.944564166984,6603.287973326003,0.0
70,2022-05-31 21:00:00,BUY,0.41181,16054.893274265976,6611.565599275472,0.0
71,2022-06-01 05:00:00,SELL,0.40405,16054.893274265976,6486.979627467168,0.0
72,2022-06-01 09:00:00,BUY,0.415,15646.286568813453,6493.208926057583,0.0
73,2022-06-01 16:00:00,SELL,0.3939,15646.286568813453,6163.072279455619,0.0
74,2022-06-02 22:00:00,BUY,0.39634,15591.611020300037,6179.579111785717,0.0
75,2022-06-03 09:00:00,SELL,0.38147,15591.611020300037,5947.731855913855,0.0
76,2022-06-04 20:00:00,BUY,0.38106,15638.808110815746,5959.324218707448,0.0
77,2022-06-07 00:00:00,SELL,0.39027,15638.808110815746,6103.357641408061,0.0
78,2022-06-07 20:00:00,BUY,0.40009,15236.961609320479,6096.15597027303,0.0
79,2022-06-09 15:00:00,SELL,0.40651,15236.961609320479,6193.977263804867,0.0
80,2022-06-09 17:00:00,BUY,0.41413,14944.790764079578,6189.086199128275,0.0
81,2022-06-09 20:00:00,SELL,0.40277,14944.790764079578,6019.313376048332,0.0
82,2022-06-14 17:00:00,BUY,0.307,19634.53425798804,6027.802017202329,0.0
83,2022-06-14 19:00:00,SELL,0.30152,19634.53425798804,5920.204769468554,0.0
84,2022-06-14 20:00:00,BUY,0.30319,19544.12952886059,5925.584631855243,0.0
85,2022-06-14 21:00:00,SELL,0.30003,19544.12952886059,5863.825182544043,0.0
86,2022-06-14 23:00:00,BUY,0.308,19048.419334446764,5866.9131550096035,0.0
87,2022-06-15 03:00:00,SELL,0.29726,19048.419334446764,5662.3331313576455,0.0
88,2022-06-15 12:00:00,BUY,0.3036,18684.328499803174,5672.5621325402435,0.0
89,2022-06-16 11:00:00,SELL,0.30745,18684.328499803174,5744.496797264486,0.0
90,2022-06-17 09:00:00,BUY,0.31222,18387.355275217073,5740.900064028274,0.0
91,2022-06-17 12:00:00,SELL,0.30428,18387.355275217073,5594.904463143051,0.0
92,2022-06-17 18:00:00,BUY,0.31446,17815.315916769418,5602.2042431873115,0.0
93,2022-06-18 03:00:00,SELL,0.30684,17815.315916769418,5466.451535901528,0.0
94,2022-06-19 10:00:00,BUY,0.311,17598.839778989764,5473.239171265817,0.0
95,2022-06-22 00:00:00,SELL,0.3219,17598.839778989764,5665.066524856806,0.0
96,2022-06-22 14:00:00,BUY,0.32885,17197.735007381045,5655.475157177256,0.0
97,2022-06-22 17:00:00,SELL,0.32046,17197.735007381045,5511.18616046533,0.0
98,2022-06-23 04:00:00,BUY,0.32359,17053.680924320674,5518.400610300927,0.0
99,2022-06-25 13:00:00,SELL,0.34079,17053.680924320674,5811.723922199242,0.0
100,2022-06-25 23:00:00,BUY,0.3483,16643.863785829246,5797.057756604327,0.0
101,2022-06-26 02:00:00,SELL,0.34508,16643.863785829246,5743.4645152139565,0.0
102,2022-06-26 06:00:00,BUY,0.34923,16453.753048946182,5746.144177283475,0.0
103,2022-06-26 15:00:00,SELL,0.34,16453.753048946182,5594.276036641702,0.0
104,2022-06-27 10:00:00,BUY,0.34483,16245.307669500306,5601.869443673791,0.0
105,2022-06-27 12:00:00,SELL,0.33458,16245.307669500306,5435.355040061412,0.0
106,2022-06-28 11:00:00,BUY,0.33352,16321.90201559736,5443.680760242031,0.0
107,2022-06-28 14:00:00,SELL,0.32635,16321.90201559736,5326.652722790198,0.0
108,2022-06-30 19:00:00,BUY,0.30049,17746.02856888013,5332.50412466279,0.0
109,2022-07-01 13:00:00,SELL,0.3,17746.02856888013,5323.808570664039,0.0
110,2022-07-01 14:00:00,BUY,0.30533,17437.66858272681,5324.243348363976,0.0
111,2022-07-01 15:00:00,SELL,0.30252,17437.66858272681,5275.2434996465145,0.0
112,2022-07-01 16:00:00,BUY,0.30899,17080.466979780536,5277.693492082388,0.0
113,2022-07-02 02:00:00,SELL,0.3016,17080.466979780536,5151.46884110181,0.0
114,2022-07-02 12:00:00,BUY,0.30661,16821.956471252855,5157.780073650838,0.0
115,2022-07-03 08:00:00,SELL,0.3048,16821.956471252855,5127.332332437871,0.0
116,2022-07-03 19:00:00,BUY,0.313,16386.117314691757,5128.854719498519,0.0
117,2022-07-04 03:00:00,SELL,0.30105,16386.117314691757,4933.040617587953,0.0
118,2022-07-04 11:00:00,BUY,0.31143,15871.40391960788,4942.831322683482,0.0
119,2022-07-05 10:00:00,SELL,0.30887,15871.40391960788,4902.200528649285,0.0
120,2022-07-06 18:00:00,BUY,0.31181,15728.270640296962,4904.232068350995,0.0
121,2022-07-08 09:00:00,SELL,0.31451,15728.270640296962,4946.698399079797,0.0
122,2022-07-09 05:00:00,BUY,0.31846,15526.518503244855,4944.575082543357,0.0
123,2022-07-10 02:00:00,SELL,0.31372,15526.518503244855,4870.979384837976,0.0
124,2022-07-12 16:00:00,BUY,0.30291,16092.764087429416,4874.659169723244,0.0
125,2022-07-12 19:00:00,SELL,0.295,16092.764087429416,4747.365405791677,0.0
126,2022-07-13 06:00:00,BUY,0.30184,15749.17205800509,4753.730093988256,0.0
127,2022-07-13 13:00:00,SELL,0.29252,15749.17205800509,4606.947810407649,0.0
128,2022-07-13 17:00:00,BUY,0.30483,15137.246742730964,4614.28692458668,0.0
129,2022-07-17 17:00:00,SELL,0.33552,15137.246742730964,5078.849027121093,0.0
130,2022-07-17 19:00:00,BUY,0.34104,14824.128905683709,5055.620921994372,0.0
131,2022-07-20 12:00:00,SELL,0.36715,14824.128905683709,5442.678927721773,0.0
132,2022-07-20 13:00:00,BUY,0.3703,14645.762969039704,5423.3260274354025,0.0
133,2022-07-20 16:00:00,SELL,0.36188,14645.762969039704,5300.008703236088,0.0
134,2022-07-21 21:00:00,BUY,0.35107,15114.292219346724,5306.174569446054,0.0
135,2022-07-22 16:00:00,SELL,0.34195,15114.292219346724,5168.332224405612,0.0
136,2022-07-24 05:00:00,BUY,0.3399,15225.726218469063,5175.224341657634,0.0
137,2022-07-25 01:00:00,SELL,0.32994,15225.726218469063,5023.576108521683,0.0
138,2022-07-27 12:00:00,BUY,0.31003,16227.973164463054,5031.15852017848,0.0
139,2022-07-29 13:00:00,SELL,0.33215,16227.973164463054,5390.121286576404,0.0
140,2022-07-29 14:00:00,BUY,0.33926,15834.973613914128,5372.173148256507,0.0
141,2022-07-29 17:00:00,SELL,0.33381,15834.973613914128,5285.872542060675,0.0
142,2022-07-29 18:00:00,BUY,0.33953,15580.913534504954,5290.187572370467,0.0
143,2022-07-30 04:00:00,SELL,0.33004,15580.913534504954,5142.3247029280155,0.0
144,2022-07-30 08:00:00,BUY,0.34076,15112.44819345034,5149.717846400138,0.0
145,2022-07-30 23:00:00,SELL,0.3352,15112.44819345034,5065.692634444554,0.0
146,2022-07-31 10:00:00,BUY,0.35002,14484.583438210195,5069.893895042333,0.0
147,2022-07-31 22:00:00,SELL,0.33396,14484.583438210195,4837.271485024677,0.0
148,2022-08-03 09:00:00,BUY,0.33275,14572.209182646311,4848.90260552556,0.0
149,2022-08-04 07:00:00,SELL,0.32973,14572.209182646311,4804.894533793969,0.0
150,2022-08-04 14:00:00,BUY,0.33243,14460.472693140053,4807.094937380548,0.0
151,2022-08-06 20:00:00,SELL,0.35014,14460.472693140053,5063.1899087760585,0.0
152,2022-08-07 09:00:00,BUY,0.35948,14049.140870719602,5050.385160206283,0.0
153,2022-08-09 09:00:00,SELL,0.35584,14049.140870719602,4999.246287436863,0.0
154,2022-08-10 13:00:00,BUY,0.3613,13843.905981387581,5001.803231075333,0.0
155,2022-08-11 21:00:00,SELL,0.36,13843.905981387581,4983.806153299529,0.0
156,2022-08-12 22:00:00,BUY,0.3618,13777.517985595134,4984.70600718832,0.0
157,2022-08-14 16:00:00,SELL,0.3633,13777.517985595134,5005.372284166712,0.0
158,2022-08-15 05:00:00,BUY,0.3716,13467.004764041423,5004.338970317793,0.0
159,2022-08-15 06:00:00,SELL,0.35943,13467.004764041423,4840.445522339409,0.0
160,2022-08-17 03:00:00,BUY,0.35948,13487.927547397148,4848.640194738327,0.0
161,2022-08-17 12:00:00,SELL,0.34831,13487.927547397148,4697.9800440339,0.0
162,2022-08-21 14:00:00,BUY,0.30353,15502.629234570293,4705.513051569122,0.0
163,2022-08-22 06:00:00,SELL,0.29807,15502.629234570293,4620.8686959483675,0.0
164,2022-08-23 01:00:00,BUY,0.30325,15251.775478085427,4625.100913729406,0.0
165,2022-08-23 06:00:00,SELL,0.29368,15251.775478085427,4479.141422404128,0.0
166,2022-08-23 08:00:00,BUY,0.30056,14926.934379060393,4486.4393969703915,0.0
167,2022-08-24 13:00:00,SELL,0.30367,14926.934379060393,4532.86216288927,0.0
168,2022-08-24 17:00:00,BUY,0.30652,14780.572310431053,4530.541024593326,0.0
169,2022-08-24 23:00:00,SELL,0.30182,14780.572310431053,4461.0723347343,0.0
170,2022-08-25 08:00:00,BUY,0.30776,14506.582301882154,4464.545769227251,0.0
171,2022-08-25 15:00:00,SELL,0.30069,14506.582301882154,4361.984232352945,0.0
172,2022-08-25 23:00:00,BUY,0.30628,14258.56180356752,4367.11230919666,0.0
173,2022-08-26 07:00:00,SELL,0.30096,14258.56180356752,4291.25676040168,0.0
174,2022-08-28 02:00:00,BUY,0.28945,14838.65793001012,4295.049537841429,0.0
175,2022-08-28 23:00:00,SELL,0.28147,14838.65793001012,4176.637047559949,0.0
176,2022-08-29 13:00:00,BUY,0.29368,14241.88801441713,4182.557672074023,0.0
177,2022-08-30 15:00:00,SELL,0.29092,14241.88801441713,4143.250061154232,0.0
178,2022-08-31 03:00:00,BUY,0.29839,13891.938207380348,4145.215441700222,0.0
179,2022-08-31 16:00:00,SELL,0.2928,13891.938207380348,4067.559507120966,0.0
180,2022-09-01 22:00:00,BUY,0.2921,13938.522094659116,4071.442303849928,0.0
181,2022-09-05 08:00:00,SELL,0.30214,13938.522094659116,4211.385065680306,0.0
182,2022-09-06 04:00:00,BUY,0.30555,13760.065218749101,4204.3879275887875,0.0
183,2022-09-06 13:00:00,SELL,0.3,13760.065218749101,4128.019565624731,0.0
184,2022-09-07 16:00:00,BUY,0.29844,13844.786167145601,4131.837983722933,0.0
185,2022-09-10 19:00:00,SELL,0.32081,13844.786167145601,4441.54585028198,0.0
186,2022-09-10 22:00:00,BUY,0.32383,13667.851826433707,4426.060456954027,0.0
187,2022-09-11 06:00:00,SELL,0.31638,13667.851826433707,4324.234960847096,0.0
188,2022-09-11 08:00:00,BUY,0.33045,13101.304995165508,4329.326235652443,0.0
189,2022-09-12 04:00:00,SELL,0.31955,13101.304995165508,4186.522011205138,0.0
190,2022-09-12 09:00:00,BUY,0.32791,12789.064750777663,4193.662222427503,0.0
191,2022-09-12 17:00:00,SELL,0.32026,12789.064750777663,4095.8258770840544,0.0
192,2022-09-16 10:00:00,BUY,0.29583,13861.737127239385,4100.717694351227,0.0
193,2022-09-16 16:00:00,SELL,0.29105,13861.737127239385,4034.4585908830227,0.0
194,2022-09-16 23:00:00,BUY,0.29611,13636.052636035367,4037.7715460564323,0.0
195,2022-09-18 19:00:00,SELL,0.30147,13636.052636035367,4110.860788185582,0.0
196,2022-09-19 06:00:00,BUY,0.30875,13302.692554102427,4107.206326079125,0.0
197,2022-09-21 01:00:00,SELL,0.32432,13302.692554102427,4314.329249146499,0.0
198,2022-09-21 23:00:00,BUY,0.33269,12936.887501857978,4303.973102993131,0.0
199,2022-09-24 11:00:00,SELL,0.37852,12936.887501857978,4896.8706572032825,0.0
200,2022-09-25 00:00:00,BUY,0.38482,12648.05825968706,4867.225779492775,0.0
201,2022-09-26 02:00:00,SELL,0.37647,12648.05825968706,4761.614493024388,0.0
202,2022-09-27 07:00:00,BUY,0.37348,12763.454689267988,4766.895057347808,0.0
203,2022-09-27 09:00:00,SELL,0.36775,12763.454689267988,4693.760461978303,0.0
204,2022-09-28 21:00:00,BUY,0.34904,13458.105637596775,4697.417191746778,0.0
205,2022-09-29 08:00:00,SELL,0.33999,13458.105637596775,4575.621335726528,0.0
206,2022-09-29 22:00:00,BUY,0.35055,13070.064551497762,4581.7111285275405,0.0
207,2022-10-01 19:00:00,SELL,0.35659,13070.064551497762,4660.6543184185875,0.0
208,2022-10-02 00:00:00,BUY,0.36067,12911.268358677004,4656.707158924035,0.0
209,2022-10-02 13:00:00,SELL,0.35766,12911.268358677004,4617.844241164416,0.0
210,2022-10-02 20:00:00,BUY,0.36186,12766.781039773385,4619.787387052397,0.0
211,2022-10-02 21:00:00,SELL,0.36046,12766.781039773385,4601.913893596714,0.0
212,2022-10-04 10:00:00,BUY,0.35304,13037.637571576868,4602.807568269498,0.0
213,2022-10-05 05:00:00,SELL,0.35256,13037.637571576868,4596.549502235141,0.0
214,2022-10-05 07:00:00,BUY,0.35875,12813.553743656747,4596.862405536858,0.0
215,2022-10-05 08:00:00,SELL,0.35269,12813.553743656747,4519.212269850298,0.0
216,2022-10-06 04:00:00,BUY,0.35768,12645.646322507902,4523.094776634626,0.0
217,2022-10-06 17:00:00,SELL,0.35157,12645.646322507902,4445.829877604103,0.0
218,2022-10-09 12:00:00,BUY,0.33855,13143.385386370193,4449.693122555629,0.0
219,2022-10-10 06:00:00,SELL,0.33493,13143.385386370193,4402.114067456969,0.0
220,2022-10-13 17:00:00,BUY,0.31606,13935.623046927489,4404.493020211902,0.0
221,2022-10-14 19:00:00,SELL,0.3182,13935.623046927489,4434.315253532327,0.0
222,2022-10-15 16:00:00,BUY,0.32237,13750.734069132692,4432.824141866306,0.0
223,2022-10-16 17:00:00,SELL,0.32169,13750.734069132692,4423.473642699295,0.0
224,2022-10-16 19:00:00,BUY,0.32503,13610.870281689831,4423.941167657646,0.0
225,2022-10-17 00:00:00,SELL,0.31954,13610.870281689831,4349.217489811169,0.0
226,2022-10-17 11:00:00,BUY,0.32603,13351.389975473094,4352.953673703492,0.0
227,2022-10-18 09:00:00,SELL,0.31962,13351.389975473094,4267.37126396071,0.0
228,2022-10-20 14:00:00,BUY,0.31354,13623.94075539915,4271.650384447849,0.0
229,2022-10-20 17:00:00,SELL,0.31,13623.94075539915,4223.4216341737365,0.0
230,2022-10-21 16:00:00,BUY,0.30999,13632.159333163789,4225.8330716874425,0.0
231,2022-10-23 09:00:00,SELL,0.3105,13632.159333163789,4232.7854729473565,0.0
232,2022-10-23 21:00:00,BUY,0.31301,13521.733659897001,4232.437852884361,0.0
233,2022-10-24 05:00:00,SELL,0.30961,13521.733659897001,4186.4639584407105,0.0
234,2022-10-24 20:00:00,BUY,0.31394,13342.557982935889,4188.762653162893,0.0
235,2022-10-27 12:00:00,SELL,0.33411,13342.557982935889,4457.88204767871,0.0
236,2022-10-28 16:00:00,BUY,0.33382,13313.840027418724,4444.426077952919,0.0
237,2022-11-01 04:00:00,SELL,0.34741,13313.840027418724,4625.361163925539,0.0
238,2022-11-01 10:00:00,BUY,0.36249,12735.011751019085,4616.314409626908,0.0
239,2022-11-01 16:00:00,SELL,0.3521,12735.011751019085,4483.99763753382,0.0
240,2022-11-01 19:00:00,BUY,0.3602,12467.00021137833,4490.613476138475,0.0
241,2022-11-02 03:00:00,SELL,0.35218,12467.00021137833,4390.62813444322,0.0
242,2022-11-02 21:00:00,BUY,0.35968,12220.939172397637,4395.627401527982,0.0
243,2022-11-06 21:00:00,SELL,0.42307,12220.939172397637,5170.312735666268,0.0
244,2022-11-07 13:00:00,BUY,0.42762,12000.323813103581,5131.578468959354,0.0
245,2022-11-07 23:00:00,SELL,0.41762,12000.323813103581,5011.575230828317,0.0
246,2022-11-10 13:00:00,BUY,0.32047,15656.92699077876,5017.575392734869,0.0
247,2022-11-11 14:00:00,SELL,0.29375,15656.92699077876,4599.222303541261,0.0
248,2022-11-14 12:00:00,BUY,0.26231,17613.28183447425,4620.139958000941,0.0
249,2022-11-14 14:00:00,SELL,0.25373,17613.28183447425,4469.017999861152,0.0
250,2022-11-15 00:00:00,BUY,0.25966,17240.137478888322,4476.574097768142,0.0
251,2022-11-16 14:00:00,SELL,0.27203,17240.137478888322,4689.83459838199,0.0
252,2022-11-18 02:00:00,BUY,0.27011,17323.207483437476,4679.171573351297,0.0
253,2022-11-20 01:00:00,SELL,0.28743,17323.207483437476,4979.209526964434,0.0
254,2022-11-22 23:00:00,BUY,0.2403,20658.375485991583,4964.207629283777,0.0
255,2022-11-23 15:00:00,SELL,0.23929,20658.375485991583,4943.342670042925,0.0
256,2022-11-23 20:00:00,BUY,0.24419,20248.10974243404,4944.3859180049685,0.0
257,2022-11-24 10:00:00,SELL,0.23753,20248.10974243404,4809.533507120357,0.0
258,2022-11-25 15:00:00,BUY,0.24197,19904.43496162577,4816.276127664588,0.0
259,2022-11-26 18:00:00,SELL,0.24055,19904.43496162577,4788.01183001908,0.0
260,2022-11-27 06:00:00,BUY,0.24402,19627.182382187344,4789.425044901355,0.0
261,2022-11-27 23:00:00,SELL,0.24039,19627.182382187344,4718.178372854016,0.0
262,2022-11-29 02:00:00,BUY,0.2368,19939.783388751614,4721.740706456382,0.0
263,2022-11-29 18:00:00,SELL,0.23678,19939.783388751614,4721.341910788607,0.0
264,2022-11-29 19:00:00,BUY,0.23863,19785.282028965325,4721.361850571996,0.0
265,2022-12-01 10:00:00,SELL,0.24283,19785.282028965325,4804.46003509365,0.0
266,2022-12-02 09:00:00,BUY,0.2446,19625.12316380853,4800.305125867567,0.0
267,2022-12-03 03:00:00,SELL,0.24074,19625.12316380853,4724.552150455265,0.0
268,2022-12-04 21:00:00,BUY,0.23971,19725.250507804765,4728.339799225881,0.0
269,2022-12-05 17:00:00,SELL,0.23975,19725.250507804765,4729.128809246192,0.0
270,2022-12-08 19:00:00,BUY,0.22534,20986.462051766997,4729.089358745176,0.0
271,2022-12-09 16:00:00,SELL,0.22315,20986.462051766997,4683.129006851806,0.0
272,2022-12-09 21:00:00,BUY,0.22408,20909.617210132426,4685.427024446474,0.0
273,2022-12-11 11:00:00,SELL,0.227,20909.617210132426,4746.483106700061,0.0
274,2022-12-13 01:00:00,BUY,0.21896,21663.45589416963,4743.430302587382,0.0
275,2022-12-13 03:00:00,SELL,0.21454,21663.45589416963,4647.677827535153,0.0
276,2022-12-13 13:00:00,BUY,0.22183,20973.11207360485,4652.465451287764,0.0
277,2022-12-14 21:00:00,SELL,0.21959,20973.11207360485,4605.485680242889,0.0
278,2022-12-15 03:00:00,BUY,0.22302,20661.082722603947,4607.8346687951325,0.0
279,2022-12-15 05:00:00,SELL,0.22056,20661.082722603947,4557.008405297527,0.0
280,2022-12-15 08:00:00,BUY,0.22616,20160.72567417938,4559.549718472408,0.0
281,2022-12-15 16:00:00,SELL,0.21808,20160.72567417938,4396.651055025039,0.0
282,2022-12-18 01:00:00,BUY,0.19333,22783.820349647787,4404.795988197407,0.0
283,2022-12-18 07:00:00,SELL,0.18995,22783.820349647787,4327.7866754155975,0.0
284,2022-12-21 10:00:00,BUY,0.17991,24076.68912820126,4331.637141054688,0.0
285,2022-12-21 18:00:00,SELL,0.17581,24076.68912820126,4232.9227156290635,0.0
286,2022-12-23 02:00:00,BUY,0.17263,24548.794745411255,4237.858436900345,0.0
287,2022-12-23 13:00:00,SELL,0.17043,24548.794745411255,4183.85108846044,0.0
288,2022-12-26 03:00:00,BUY,0.16719,25040.680996964144,4186.551455882435,0.0
289,2022-12-27 13:00:00,SELL,0.16834,25040.680996964144,4215.348239028944,0.0
290,2022-12-28 02:00:00,BUY,0.16892,24946.178071700328,4213.908399871619,0.0
291,2022-12-28 04:00:00,SELL,0.1674,24946.178071700328,4175.990209202635,0.0
292,2022-12-28 19:00:00,BUY,0.16737,24961.977168764322,4177.886118736084,0.0
293,2022-12-29 03:00:00,SELL,0.16495,24961.977168764322,4117.478133987675,0.0
294,2022-12-30 18:00:00,BUY,0.16503,24968.178714325244,4120.498533225095,0.0
295,2023-01-03 20:00:00,SELL,0.18118,24968.178714325244,4523.734619461448,0.0
296,2023-01-03 21:00:00,BUY,0.18244,24685.22700695917,4503.5728151496305,0.0
297,2023-01-04 22:00:00,SELL,0.1854,24685.22700695917,4576.64108709023,0.0
298,2023-01-05 04:00:00,BUY,0.18894,24203.385590627717,4572.9876734932,0.0
299,2023-01-05 14:00:00,SELL,0.18342,24203.385590627717,4439.384985032936,0.0
300,2023-01-06 20:00:00,BUY,0.18713,23759.23218861727,4446.06511945595,0.0
301,2023-01-09 23:00:00,SELL,0.20031,23759.23218861727,4759.211799701925,0.0
302,2023-01-10 01:00:00,BUY,0.20442,23204.94308624218,4743.554465689626,0.0
303,2023-01-10 08:00:00,SELL,0.2025,23204.94308624218,4699.000974964041,0.0
304,2023-01-10 20:00:00,BUY,0.20297,23162.18480317446,4701.22864950032,0.0
305,2023-01-11 03:00:00,SELL,0.20041,23162.18480317446,4641.933456404194,0.0
306,2023-01-11 22:00:00,BUY,0.20348,22827.296127673482,4644.898216059,0.0
307,2023-01-16 10:00:00,SELL,0.23147,22827.296127673482,5283.834234672581,0.0
308,2023-01-17 00:00:00,BUY,0.23431,22414.269274644284,5251.887433741902,0.0
309,2023-01-17 01:00:00,SELL,0.229,22414.269274644284,5132.867663893541,0.0
310,2023-01-17 14:00:00,BUY,0.2344,21923.287766151705,5138.8186523859595,0.0
311,2023-01-17 17:00:00,SELL,0.23107,21923.287766151705,5065.8141041246745,0.0
312,2023-01-19 20:00:00,BUY,0.21775,23281.122073652074,5069.464331537739,0.0
313,2023-01-24 16:00:00,SELL,0.25031,23281.122073652074,5827.49766625585,0.0
314,2023-01-25 23:00:00,BUY,0.24524,23607.877995106606,5789.595999519945,0.0
315,2023-01-27 01:00:00,SELL,0.23952,23607.877995106606,5654.558937387935,0.0
316,2023-01-27 07:00:00,BUY,0.24512,23096.07861657366,5661.3107904945355,0.0
317,2023-01-28 14:00:00,SELL,0.25142,23096.07861657366,5806.816085778949,0.0
318,2023-01-28 19:00:00,BUY,0.25784,22492.789408217217,5799.540821014728,0.0
319,2023-01-28 23:00:00,SELL,0.25458,22492.789408217217,5726.214327543938,0.0
320,2023-01-29 00:00:00,BUY,0.25659,22330.880596350125,5729.880652217478,0.0
321,2023-01-30 03:00:00,SELL,0.2567,22330.880596350125,5732.337049083077,0.0
322,2023-01-31 19:00:00,BUY,0.24406,23486.90579873718,5732.214229239797,0.0
323,2023-02-01 02:00:00,SELL,0.23973,23486.90579873718,5630.515927131264,0.0
324,2023-02-01 20:00:00,BUY,0.24785,22737.94973668223,5635.60084223669,0.0
325,2023-02-03 03:00:00,SELL,0.25261,22737.94973668223,5743.8334829832975,0.0
326,2023-02-03 11:00:00,BUY,0.2625,21860.65467027035,5738.421850945967,0.0
327,2023-02-05 00:00:00,SELL,0.26438,21860.65467027035,5779.519881726075,0.0
328,2023-02-05 10:00:00,BUY,0.26894,21482.3565858075,5777.46498018707,0.0
329,2023-02-05 12:00:00,SELL,0.25696,21482.3565858075,5520.106348289096,0.0
330,2023-02-06 18:00:00,BUY,0.26192,21124.672724053125,5532.974279883994,0.0
331,2023-02-06 23:00:00,SELL,0.25431,21124.672724053125,5372.2155204539495,0.0
332,2023-02-07 07:00:00,BUY,0.26248,20497.765385650153,5380.253458425452,0.0
333,2023-02-09 03:00:00,SELL,0.27036,20497.765385650153,5541.7758496643755,0.0
334,2023-02-11 21:00:00,BUY,0.25417,21771.647834529762,5533.699730102429,0.0
335,2023-02-12 04:00:00,SELL,0.25122,21771.647834529762,5469.473368990567,0.0
336,2023-02-12 10:00:00,BUY,0.25548,21421.18634353437,5472.68468704616,0.0
337,2023-02-12 22:00:00,SELL,0.24531,21421.18634353437,5254.831221932416,0.0
338,2023-02-14 04:00:00,BUY,0.24245,21718.80344478492,5265.723895188104,0.0
339,2023-02-14 09:00:00,SELL,0.24,21718.80344478492,5212.512826748381,0.0
340,2023-02-14 10:00:00,BUY,0.2437,21399.97283615251,5215.173380170367,0.0
341,2023-02-16 22:00:00,SELL,0.25964,21399.97283615251,5556.288947178637,0.0
342,2023-02-17 18:00:00,BUY,0.26694,20750.85475697993,5539.233168828223,0.0
343,2023-02-19 19:00:00,SELL,0.27289,20750.85475697993,5662.700754632254,0.0
344,2023-02-19 23:00:00,BUY,0.28187,20067.858854585633,5656.527375342052,0.0
345,2023-02-21 11:00:00,SELL,0.28096,20067.858854585633,5638.265623784379,0.0
346,2023-02-23 02:00:00,BUY,0.27429,20559.184481250733,5639.178711362263,0.0
347,2023-02-23 16:00:00,SELL,0.26862,20559.184481250733,5522.608135353573,0.0
348,2023-02-26 10:00:00,BUY,0.254,21765.49867777168,5528.436664154007,0.0
349,2023-02-27 09:00:00,SELL,0.25223,21765.49867777168,5489.911731494351,0.0
350,2023-02-27 13:00:00,BUY,0.25662,21400.66237287559,5491.837978127334,0.0
351,2023-02-27 19:00:00,SELL,0.25135,21400.66237287559,5379.05648742228,0.0
352,2023-03-01 07:00:00,BUY,0.2527,21308.648840354304,5384.695561957532,0.0
353,2023-03-01 21:00:00,SELL,0.24999,21308.648840354304,5326.949123600172,0.0
354,2023-03-02 00:00:00,BUY,0.25136,21203.99604359501,5329.836445518041,0.0
355,2023-03-02 01:00:00,SELL,0.24632,21203.99604359501,5222.968305458323,0.0
356,2023-03-05 11:00:00,BUY,0.23,22731.7900541796,5228.311712461308,0.0
357,2023-03-05 23:00:00,SELL,0.22499,22731.7900541796,5114.425444289868,0.0
358,2023-03-06 16:00:00,BUY,0.22673,22582.453833627842,5120.1197576984405,0.0
359,2023-03-07 04:00:00,SELL,0.22373,22582.453833627842,5052.3723961975575,0.0
360,2023-03-12 00:00:00,BUY,0.18762,26946.806120203608,5055.759764272601,0.0
361,2023-03-12 15:00:00,SELL,0.18343,26946.806120203608,4942.852646628948,0.0
362,2023-03-12 18:00:00,BUY,0.19164,25821.843052134893,4948.498002511131,0.0
363,2023-03-15 12:00:00,SELL,0.21765,25821.843052134893,5620.12414029716,0.0
364,2023-03-16 20:00:00,BUY,0.20952,26663.53013272174,5586.542833407859,0.0
365,2023-03-18 17:00:00,SELL,0.21946,26663.53013272174,5851.578322927113,0.0
366,2023-03-19 16:00:00,BUY,0.22178,26324.855931333524,5838.326548451149,0.0
367,2023-03-20 04:00:00,SELL,0.217,26324.855931333524,5712.493737099375,0.0
368,2023-03-21 13:00:00,BUY,0.2172,26329.582770105724,5718.7853776669635,0.0
369,2023-03-22 19:00:00,SELL,0.21225,26329.582770105724,5588.4539429549395,0.0
370,2023-03-23 16:00:00,BUY,0.22111,25304.013905705488,5594.970514690541,0.0
371,2023-03-23 21:00:00,SELL,0.21664,25304.013905705488,5481.861572532037,0.0
372,2023-03-23 22:00:00,BUY,0.2187,25091.527296021774,5487.517019639962,0.0
373,2023-03-24 05:00:00,SELL,0.2165,25091.527296021774,5432.315659588714,0.0
374,2023-03-26 08:00:00,BUY,0.20961,25929.46771428499,5435.0757275912765,0.0
375,2023-03-27 03:00:00,SELL,0.20809,25929.46771428499,5395.662936665563,0.0
376,2023-03-28 20:00:00,BUY,0.20236,26673.421507273415,5397.633576211849,0.0
377,2023-03-30 13:00:00,SELL,0.22451,26673.421507273415,5988.449862597954,0.0
378,2023-03-31 14:00:00,BUY,0.22784,26153.919629031996,5958.90904827865,0.0
379,2023-03-31 21:00:00,SELL,0.22302,26153.919629031996,5832.8471556667155,0.0
380,2023-03-31 22:00:00,BUY,0.22493,25959.855289633717,5839.150250297312,0.0
381,2023-04-01 08:00:00,SELL,0.22083,25959.855289633717,5732.714843609813,0.0
382,2023-04-03 11:00:00,BUY,0.21858,26251.425628804962,5738.0366139441885,0.0
383,2023-04-03 20:00:00,SELL,0.21112,26251.425628804962,5542.200978753303,0.0
384,2023-04-04 11:00:00,BUY,0.21669,25621.822698384087,5551.992760512848,0.0
385,2023-04-05 16:00:00,SELL,0.217,25621.822698384087,5559.9355255493465,0.0
386,2023-04-05 23:00:00,BUY,0.22286,24946.32678496599,5559.538387297521,0.0
387,2023-04-06 08:00:00,SELL,0.217,24946.32678496599,5413.352912337619,0.0
388,2023-04-07 23:00:00,BUY,0.21739,24935.19566716783,5420.662186085615,0.0
389,2023-04-08 21:00:00,SELL,0.21678,24935.19566716783,5405.451716728642,0.0
390,2023-04-09 22:00:00,BUY,0.2184,24753.719048518728,5406.212240196491,0.0
391,2023-04-10 03:00:00,SELL,0.21422,24753.719048518728,5302.741694573681,0.0
392,2023-04-10 17:00:00,BUY,0.21908,24228.205321594036,5307.9152218548215,0.0
393,2023-04-11 23:00:00,SELL,0.21949,24228.205321594036,5317.848786036675,0.0
394,2023-04-13 09:00:00,BUY,0.21718,24483.61777248173,5317.352107827583,0.0
395,2023-04-14 18:00:00,SELL,0.22172,24483.61777248173,5428.507732514649,0.0
396,2023-04-14 21:00:00,BUY,0.22892,23689.279885026626,5422.949951280296,0.0
397,2023-04-15 05:00:00,SELL,0.22378,23689.279885026626,5301.187052671258,0.0
398,2023-04-15 06:00:00,BUY,0.22566,23518.900990878803,5307.275197601711,0.0
399,2023-04-17 03:00:00,SELL,0.22937,23518.900990878803,5394.5303202778705,0.0
400,2023-04-18 12:00:00,BUY,0.22525,23929.71171651082,5390.167564144062,0.0
401,2023-04-18 15:00:00,SELL,0.22113,23929.71171651082,5291.577151872038,0.0
402,2023-04-22 08:00:00,BUY,0.19,27876.350907819153,5296.506672485639,0.0
403,2023-04-23 02:00:00,SELL,0.18782,27876.350907819153,5235.7362275065925,0.0
404,2023-04-23 08:00:00,BUY,0.18984,27595.737198459465,5238.774749755545,0.0
405,2023-04-23 15:00:00,SELL,0.18591,27595.737198459465,5130.323502565599,0.0
406,2023-04-24 02:00:00,BUY,0.19004,27024.55306738106,5135.746064925096,0.0
407,2023-04-24 04:00:00,SELL,0.18746,27024.55306738106,5066.022718011253,0.0
408,2023-04-24 05:00:00,BUY,0.18797,26969.776482188354,5069.508885356945,0.0
409,2023-04-24 06:00:00,SELL,0.18763,26969.776482188354,5060.339161353,0.0
410,2023-04-25 21:00:00,BUY,0.18837,26866.261334358962,5060.797647553198,0.0
411,2023-04-26 19:00:00,SELL,0.17792,26866.261334358962,4780.045216609146,0.0
412,2023-04-27 19:00:00,BUY,0.18437,26002.510376722614,4794.082838156349,0.0
413,2023-04-28 13:00:00,SELL,0.18078,26002.510376722614,4700.733825903914,0.0
414,2023-04-28 21:00:00,BUY,0.18377,25604.839073388128,4705.401276516536,0.0
415,2023-04-29 03:00:00,SELL,0.183,25604.839073388128,4685.685550430027,0.0
416,2023-04-29 06:00:00,BUY,0.18437,25419.923722592357,4686.671336734353,0.0
417,2023-04-29 23:00:00,SELL,0.18281,25419.923722592357,4647.016255727109,0.0
418,2023-04-30 16:00:00,BUY,0.18369,25308.93902649829,4648.999009777471,0.0
419,2023-04-30 19:00:00,SELL,0.18071,25308.93902649829,4573.578371478507,0.0
420,2023-05-02 18:00:00,BUY,0.17813,25696.678849118365,4577.349403393455,0.0
421,2023-05-03 12:00:00,SELL,0.17547,25696.678849118365,4508.996237654799,0.0
422,2023-05-03 21:00:00,BUY,0.18091,24942.866043567148,4512.413895941732,0.0
423,2023-05-04 14:00:00,SELL,0.17671,24942.866043567148,4407.6538585587505,0.0
424,2023-05-05 07:00:00,BUY,0.17876,24686.125869478063,4412.891860427899,0.0
425,2023-05-06 06:00:00,SELL,0.17874,24686.125869478063,4412.398137910509,0.0
426,2023-05-10 01:00:00,BUY,0.16639,26518.55775008341,4412.422824036379,0.0
427,2023-05-11 07:00:00,SELL,0.165,26518.55775008341,4375.562028763763,0.0
428,2023-05-12 21:00:00,BUY,0.16426,26649.245516421488,4377.405068527393,0.0
429,2023-05-13 16:00:00,SELL,0.16178,26649.245516421488,4311.314939646669,0.0
430,2023-05-14 11:00:00,BUY,0.16382,26337.562239596544,4314.619446090705,0.0
431,2023-05-14 22:00:00,SELL,0.16212,26337.562239596544,4269.845590283391,0.0
432,2023-05-15 02:00:00,BUY,0.16536,25835.052510121895,4272.0842830737565,0.0
433,2023-05-17 12:00:00,SELL,0.16704,25835.052510121895,4315.487171290762,0.0
434,2023-05-17 22:00:00,BUY,0.17217,25052.66322169897,4313.317026879911,0.0
435,2023-05-18 13:00:00,SELL,0.16866,25052.66322169897,4225.3821789717485,0.0
436,2023-05-22 14:00:00,BUY,0.16214,26087.201932694934,4229.778921367157,0.0
437,2023-05-23 21:00:00,SELL,0.16248,26087.201932694934,4238.648570024273,0.0
438,2023-05-26 20:00:00,BUY,0.1496,28330.247911707334,4238.205087591417,0.0
439,2023-05-27 13:00:00,SELL,0.149,28330.247911707334,4221.206938844392,0.0
440,2023-05-27 19:00:00,BUY,0.15096,27968.050121103228,4222.056846281744,0.0
441,2023-05-29 15:00:00,SELL,0.15149,27968.050121103228,4236.879912845929,0.0
442,2023-05-30 03:00:00,BUY,0.15239,27798.010102485197,4236.138759517719,0.0
443,2023-05-30 14:00:00,SELL,0.15099,27798.010102485197,4197.22154537424,0.0
444,2023-06-01 16:00:00,BUY,0.14761,28447.716320584066,4199.167406081414,0.0
445,2023-06-04 05:00:00,SELL,0.15064,28447.716320584066,4285.363986532783,0.0
446,2023-06-04 08:00:00,BUY,0.15179,28203.795754069535,4281.054157510215,0.0
447,2023-06-05 03:00:00,SELL,0.14904,28203.795754069535,4203.493719186524,0.0
448,2023-06-09 11:00:00,BUY,0.12459,33769.73867166472,4207.371741102708,0.0
449,2023-06-09 19:00:00,SELL,0.12241,33769.73867166472,4133.753710798479,0.0
450,2023-06-09 22:00:00,BUY,0.12449,33235.07600862471,4137.43461231369,0.0
451,2023-06-10 00:00:00,SELL,0.12214,33235.07600862471,4059.332183693422,0.0
452,2023-06-11 18:00:00,BUY,0.11227,36191.656766050015,4063.2373051244354,0.0
453,2023-06-12 03:00:00,SELL,0.10961,36191.656766050015,3966.967498126742,0.0
454,2023-06-12 09:00:00,BUY,0.11191,35490.84968703983,3971.780988476627,0.0
455,2023-06-13 17:00:00,SELL,0.1115,35490.84968703983,3957.2297401049414,0.0
456,2023-06-14 08:00:00,BUY,0.1142,34658.11998707115,3957.9573025235254,0.0
457,2023-06-14 22:00:00,SELL,0.11031,34658.11998707115,3823.1372157738188,0.0
458,2023-06-15 06:00:00,BUY,0.1148,33361.30853755491,3829.878220111304,0.0
459,2023-06-15 07:00:00,SELL,0.11229,33361.30853755491,3746.1413356820412,0.0
460,2023-06-16 00:00:00,BUY,0.11217,33434.32450658379,3750.3281799035044,0.0
461,2023-06-16 11:00:00,SELL,0.10987,33434.32450658379,3673.429233538361,0.0
462,2023-06-16 18:00:00,BUY,0.11458,32093.508298626446,3677.2741808566184,0.0
463,2023-06-18 01:00:00,SELL,0.11719,32093.508298626446,3761.0382375160334,0.0
464,2023-06-18 07:00:00,BUY,0.11855,31690.004510190323,3756.850034683063,0.0
465,2023-06-18 20:00:00,SELL,0.11588,31690.004510190323,3672.2377226408544,0.0
466,2023-06-20 18:00:00,BUY,0.11856,31009.348332008813,3676.468338242965,0.0
467,2023-06-23 00:00:00,SELL,0.12533,31009.348332008813,3886.4016264506645,0.0
468,2023-06-23 07:00:00,BUY,0.1269,30542.986304493923,3875.9049620402793,0.0
469,2023-06-25 01:00:00,SELL,0.1332,30542.986304493923,4068.325775758591,0.0
470,2023-06-25 03:00:00,BUY,0.13677,29675.40202582932,4058.704735072676,0.0
471,2023-06-26 01:00:00,SELL,0.13324,29675.40202582932,3953.9505659214988,0.0
472,2023-06-29 10:00:00,BUY,0.12192,32473.657106127437,3959.188274379057,0.0
473,2023-06-29 23:00:00,SELL,0.12039,32473.657106127437,3909.5035790066822,0.0
474,2023-06-30 04:00:00,BUY,0.12347,31683.71113448855,3911.987813775301,0.0
475,2023-06-30 13:00:00,SELL,0.115,31683.71113448855,3643.6267804661834,0.0
476,2023-07-01 00:00:00,BUY,0.1225,29853.427201074606,3657.0448321316394,0.0
477,2023-07-02 12:00:00,SELL,0.12323,29853.427201074606,3678.837833988424,0.0
478,2023-07-03 02:00:00,BUY,0.1251,29398.466697806434,3677.7481838955846,0.0
479,2023-07-04 10:00:00,SELL,0.12606,29398.466697806434,3705.9707119254795,0.0
480,2023-07-06 05:00:00,BUY,0.12199,30367.73166262796,3704.559585523985,0.0
481,2023-07-06 12:00:00,SELL,0.11821,30367.73166262796,3589.769559839251,0.0
482,2023-07-09 02:00:00,BUY,0.1126,31931.696812819606,3595.5090611234878,0.0
483,2023-07-09 20:00:00,SELL,0.11096,31931.696812819606,3543.1410783504634,0.0
484,2023-07-10 18:00:00,BUY,0.11091,31969.70045522599,3545.7594774891145,0.0
485,2023-07-11 01:00:00,SELL,0.1097,31969.70045522599,3507.0761399382914,0.0
486,2023-07-11 07:00:00,BUY,0.1114,31499.194854720223,3509.010306815833,0.0
487,2023-07-11 12:00:00,SELL,0.10917,31499.194854720223,3438.7671022898066,0.0
488,2023-07-12 06:00:00,BUY,0.1103,31208.334202321923,3442.279262516108,0.0
489,2023-07-12 16:00:00,SELL,0.108,31208.334202321923,3370.500093850768,0.0
490,2023-07-13 15:00:00,BUY,0.10994,30690.276990031245,3374.089052284035,0.0
491,2023-07-14 19:00:00,SELL,0.11268,30690.276990031245,3458.180411236721,0.0
492,2023-07-16 08:00:00,BUY,0.1147,30113.12853782987,3453.9758432890862,0.0
493,2023-07-17 19:00:00,SELL,0.11821,30113.12853782987,3559.6729244568687,0.0
494,2023-07-19 06:00:00,BUY,0.1155,30773.92268743272,3554.3880703984796,0.0
495,2023-07-19 07:00:00,SELL,0.11472,30773.92268743272,3530.384410702282,0.0
496,2023-07-19 22:00:00,BUY,0.11427,30905.614716785614,3531.584593687092,0.0
497,2023-07-20 17:00:00,SELL,0.11289,30905.614716785614,3488.934845377928,0.0
498,2023-07-21 04:00:00,BUY,0.11506,30341.277010198042,3491.0673327933864,0.0
499,2023-07-21 05:00:00,SELL,0.11456,30341.277010198042,3475.8966942882876,0.0
500,2023-07-21 15:00:00,BUY,0.11516,30189.781401645905,3476.6552262135424,0.0
501,2023-07-23 10:00:00,SELL,0.11567,30189.781401645905,3492.052014728382,0.0
502,2023-07-23 19:00:00,BUY,0.11654,29957.801401258275,3491.2821753026396,0.0
503,2023-07-24 02:00:00,SELL,0.1157,29957.801401258275,3466.1176221255823,0.0
504,2023-07-26 06:00:00,BUY,0.1104,31407.389943699596,3467.3758497844356,0.0
505,2023-07-26 11:00:00,SELL,0.10916,31407.389943699596,3428.4306862542476,0.0
506,2023-07-26 14:00:00,BUY,0.10988,31219.311470975215,3430.377944430757,0.0
507,2023-07-27 15:00:00,SELL,0.1104,31219.311470975215,3446.6119863956637,0.0
508,2023-07-28 18:00:00,BUY,0.11016,31279.959007783393,3445.8002842974183,0.0
509,2023-07-30 19:00:00,SELL,0.10868,31279.959007783393,3399.5059449658993,0.0
510,2023-07-31 14:00:00,BUY,0.11055,30771.783463884894,3401.820661932475,0.0
511,2023-07-31 16:00:00,SELL,0.10971,30771.783463884894,3375.972363822812,0.0
512,2023-08-01 19:00:00,BUY,0.1098,30758.33131810834,3377.2647787282954,0.0
513,2023-08-02 11:00:00,SELL,0.10884,30758.33131810834,3347.7367806629118,0.0
514,2023-08-03 17:00:00,BUY,0.10771,31094.728257043735,3349.2131805661807,0.0
515,2023-08-03 22:00:00,SELL,0.1069,31094.728257043735,3324.026450677975,0.0
516,2023-08-04 03:00:00,BUY,0.10724,31007.886862853276,3325.2857871723854,0.0
517,2023-08-04 04:00:00,SELL,0.10679,31007.886862853276,3311.3322380841014,0.0
518,2023-08-04 14:00:00,BUY,0.10718,30901.56666858104,3312.0299155385155,0.0
519,2023-08-04 18:00:00,SELL,0.10598,30901.56666858104,3274.948035536219,0.0
520,2023-08-05 17:00:00,BUY,0.10593,30933.655522857865,3276.8021295363337,0.0
521,2023-08-07 17:00:00,SELL,0.1083,30933.655522857865,3350.1148931255066,0.0
522,2023-08-07 18:00:00,BUY,0.11149,30015.68979232261,3346.449254946048,0.0
523,2023-08-09 03:00:00,SELL,0.112,30015.68979232261,3361.7572567401326,0.0
524,2023-08-10 22:00:00,BUY,0.11289,29772.272625125595,3360.9918566504284,0.0
525,2023-08-11 06:00:00,SELL,0.11222,29772.272625125595,3341.0444339915944,0.0
526,2023-08-11 08:00:00,BUY,0.11264,29670.115457426633,3342.041805124536,0.0
527,2023-08-12 03:00:00,SELL,0.11183,29670.115457426633,3318.0090116040205,0.0
528,2023-08-12 13:00:00,BUY,0.11356,29228.69541458301,3319.2106512800465,0.0
529,2023-08-14 18:00:00,SELL,0.11503,29228.69541458301,3362.1768335394836,0.0
530,2023-08-19 10:00:00,BUY,0.09647,34829.7763493989,3360.0285244265115,0.0
531,2023-08-21 06:00:00,SELL,0.09607,34829.7763493989,3346.096613886752,0.0
532,2023-08-21 22:00:00,BUY,0.09631,34750.21502869629,3346.79320941374,0.0
533,2023-08-22 18:00:00,SELL,0.09555,34750.21502869629,3320.383045991931,0.0
534,2023-08-23 06:00:00,BUY,0.09766,34012.938297798704,3321.7035541630216,0.0
535,2023-08-24 16:00:00,SELL,0.09659,34012.938297798704,3285.309710184377,0.0
536,2023-08-25 19:00:00,BUY,0.09719,33821.68332527327,3287.129402383309,0.0
537,2023-08-26 04:00:00,SELL,0.09653,33821.68332527327,3264.8070913886286,0.0
538,2023-08-28 15:00:00,BUY,0.09599,34023.57752826713,3265.9232069383625,0.0
539,2023-08-30 08:00:00,SELL,0.09821,34023.57752826713,3341.455549051115,0.0
540,2023-09-02 15:00:00,BUY,0.09327,35785.12846516005,3337.678931945478,0.0
541,2023-09-04 12:00:00,SELL,0.09342,35785.12846516005,3343.046701215252,0.0
542,2023-09-05 07:00:00,BUY,0.09399,35565.25495001344,3342.778312751763,0.0
543,2023-09-05 12:00:00,SELL,0.09349,35565.25495001344,3324.995685276757,0.0
544,2023-09-05 23:00:00,BUY,0.0939,35419.433617151306,3325.884816650507,0.0
545,2023-09-06 05:00:00,SELL,0.0934,35419.433617151306,3308.175099841932,0.0
546,2023-09-07 02:00:00,BUY,0.0957,34577.43558706751,3309.060585682361,0.0
547,2023-09-08 13:00:00,SELL,0.09547,34577.43558706751,3301.1077754973353,0.0
548,2023-09-09 05:00:00,BUY,0.09606,34369.20066631882,3301.5054160065865,0.0
549,2023-09-09 07:00:00,SELL,0.09535,34369.20066631882,3277.1032835335,0.0
550,2023-09-12 07:00:00,BUY,0.09027,36316.8648516357,3278.3233901571543,0.0
551,2023-09-12 22:00:00,SELL,0.08953,36316.8648516357,3251.448910166944,0.0
552,2023-09-13 10:00:00,BUY,0.0905,35942.46004603818,3252.7926341664547,0.0
553,2023-09-17 11:00:00,SELL,0.09611,35942.46004603818,3454.429835024729,0.0
554,2023-09-18 08:00:00,BUY,0.09593,35904.805326611226,3444.3479749818152,0.0
555,2023-09-19 04:00:00,SELL,0.09566,35904.805326611226,3434.65367754363,0.0
556,2023-09-19 10:00:00,BUY,0.09765,35178.06853472134,3435.138392415539,0.0
557,2023-09-20 04:00:00,SELL,0.09562,35178.06853472134,3363.726913290054,0.0
558,2023-09-20 18:00:00,BUY,0.09877,34092.31028901821,3367.2974872463287,0.0
559,2023-09-21 12:00:00,SELL,0.09791,34092.31028901821,3337.9781003977732,0.0
560,2023-09-21 14:00:00,BUY,0.09888,33772.69488005867,3339.444069740201,0.0
561,2023-09-21 16:00:00,SELL,0.09774,33772.69488005867,3300.943197576934,0.0
562,2023-09-22 09:00:00,BUY,0.0985,33531.65727091469,3302.8682411850973,0.0
563,2023-09-23 16:00:00,SELL,0.10024,33531.65727091469,3361.2133248364885,0.0
564,2023-09-24 17:00:00,BUY,0.10189,32960.01639664264,3358.296070653919,0.0
565,2023-09-25 06:00:00,SELL,0.10071,32960.01639664264,3319.40325130588,0.0
566,2023-09-28 03:00:00,BUY,0.09583,34658.7487454167,3321.347892273282,0.0
567,2023-09-28 04:00:00,SELL,0.09537,34658.7487454167,3305.4048678503905,0.0
568,2023-09-28 08:00:00,BUY,0.09619,34371.5772852847,3306.2020190715352,0.0
569,2023-10-01 18:00:00,SELL,0.10298,34371.5772852847,3539.5850288386187,0.0
570,2023-10-01 21:00:00,BUY,0.1044,33792.29768534736,3527.9158783502644,0.0
571,2023-10-02 13:00:00,SELL,0.10334,33792.29768534736,3492.096042803796,0.0
572,2023-10-03 11:00:00,BUY,0.10278,33993.84155070168,3493.887034581119,0.0
573,2023-10-03 12:00:00,SELL,0.10175,33993.84155070168,3458.873377783896,0.0
574,2023-10-05 15:00:00,BUY,0.0995,34780.14131280158,3460.6240606237575,0.0
575,2023-10-05 16:00:00,SELL,0.0982,34780.14131280158,3415.4098769171146,0.0
576,2023-10-05 21:00:00,BUY,0.10062,33966.11594218293,3417.6705861024466,0.0
577,2023-10-06 09:00:00,SELL,0.0988,33966.11594218293,3355.8522550876733,0.0
578,2023-10-06 17:00:00,BUY,0.10085,33306.327928987725,3358.943171638412,0.0
579,2023-10-07 14:00:00,SELL,0.1001,33306.327928987725,3333.963425691671,0.0
580,2023-10-08 04:00:00,BUY,0.10048,33192.798696148566,3335.212412989008,0.0
581,2023-10-09 07:00:00,SELL,0.09992,33192.798696148566,3316.6244457191647,0.0
582,2023-10-11 23:00:00,BUY,0.09521,34844.594518250786,3317.553844082657,0.0
583,2023-10-12 09:00:00,SELL,0.09333,34844.594518250786,3252.0460063883456,0.0
584,2023-10-13 07:00:00,BUY,0.0952,34194.55250286828,3255.321398273061,0.0
585,2023-10-14 20:00:00,SELL,0.09505,34194.55250286828,3250.19221539763,0.0
586,2023-10-15 01:00:00,BUY,0.09589,33897.68145313799,3250.448674541402,0.0
587,2023-10-15 09:00:00,SELL,0.09545,33897.68145313799,3235.5336947020214,0.0
588,2023-10-16 07:00:00,BUY,0.09594,33732.32690946415,3236.2794436939903,0.0
589,2023-10-16 16:00:00,SELL,0.0948,33732.32690946415,3197.8245910172013,0.0
590,2023-10-20 02:00:00,BUY,0.09024,35458.19297042377,3199.747333651041,0.0
591,2023-10-22 12:00:00,SELL,0.09263,35458.19297042377,3284.492414850354,0.0
592,2023-10-22 23:00:00,BUY,0.0946,34675.00169968698,3280.2551607903883,0.0
593,2023-10-23 16:00:00,SELL,0.09345,34675.00169968698,3240.3789088357485,0.0
594,2023-10-23 17:00:00,BUY,0.09486,34180.610599130094,3242.3727214334804,0.0
595,2023-10-26 15:00:00,SELL,0.0992,34180.610599130094,3390.716571433705,0.0
596,2023-10-27 14:00:00,BUY,0.10131,33395.51257460956,3383.2993789336942,0.0
597,2023-10-27 16:00:00,SELL,0.1003,33395.51257460956,3349.5699112333386,0.0
598,2023-10-28 06:00:00,BUY,0.1005,33345.83467281946,3351.256384618356,0.0
599,2023-10-29 05:00:00,SELL,0.10098,33345.83467281946,3367.262385261309,0.0
600,2023-10-29 06:00:00,BUY,0.10176,33082.371120569594,3366.462085229162,0.0
601,2023-10-31 13:00:00,SELL,0.1084,33082.371120569594,3586.1290294697437,0.0
602,2023-11-01 01:00:00,BUY,0.1103,32412.925496443466,3575.1456822577143,0.0
603,2023-11-01 06:00:00,SELL,0.10737,32412.925496443466,3480.175810553135,0.0
604,2023-11-01 18:00:00,BUY,0.11214,31076.549885307326,3484.924304138364,0.0
605,2023-11-02 16:00:00,SELL,0.10972,31076.549885307326,3409.71905341592,0.0
606,2023-11-03 17:00:00,BUY,0.1114,30641.645565099123,3413.4793159520423,0.0
607,2023-11-07 10:00:00,SELL,0.12281,30641.645565099123,3763.1004918498234,0.0
608,2023-11-08 02:00:00,BUY,0.1255,29845.573171752465,3745.6194330549342,0.0
609,2023-11-08 03:00:00,SELL,0.12364,29845.573171752465,3690.106666955475,0.0
610,2023-11-08 04:00:00,BUY,0.12447,29668.854384674603,3692.882305260448,0.0
611,2023-11-09 16:00:00,SELL,0.12079,29668.854384674603,3583.700921124845,0.0
612,2023-11-10 13:00:00,BUY,0.12387,28975.215874155365,3589.159990331625,0.0
613,2023-11-10 14:00:00,SELL,0.1216,28975.215874155365,3523.3862502972925,0.0
614,2023-11-10 19:00:00,BUY,0.12446,28335.810198449373,3526.674937299009,0.0
615,2023-11-13 12:00:00,SELL,0.1394,28335.810198449373,3950.0119416638427,0.0
616,2023-11-15 09:00:00,BUY,0.13523,29053.05842967981,3928.8450914456007,0.0
617,2023-11-16 16:00:00,SELL,0.13862,29053.05842967981,4027.3349595222153,0.0
618,2023-11-18 17:00:00,BUY,0.1345,29906.397517608806,4022.4104661183846,0.0
619,2023-11-21 01:00:00,SELL,0.1404,29906.397517608806,4198.858211472277,0.0
620,2023-11-22 18:00:00,BUY,0.1323,31670.71673624023,4190.035824204582,0.0
621,2023-11-23 13:00:00,SELL,0.1308,31670.71673624023,4142.529749100222,0.0
622,2023-11-24 06:00:00,BUY,0.13139,31546.579289561152,4144.90505285544,0.0
623,2023-11-26 12:00:00,SELL,0.13829,31546.579289561152,4362.576449953412,0.0
624,2023-11-28 12:00:00,BUY,0.13247,32850.402959904226,4351.692880098513,0.0
625,2023-11-29 05:00:00,SELL,0.13203,32850.402959904226,4337.238702796155,0.0
626,2023-11-29 14:00:00,BUY,0.13333,32535.523975558935,4337.961411661273,0.0
627,2023-11-29 15:00:00,SELL,0.13192,32535.523975558935,4292.0863228557355,0.0
628,2023-11-29 20:00:00,BUY,0.13307,32271.58696397394,4294.380077296012,0.0
629,2023-11-30 08:00:00,SELL,0.1318,32271.58696397394,4253.395161851765,0.0
630,2023-11-30 13:00:00,BUY,0.1352,31475.180529763147,4255.444407623977,0.0
631,2023-12-04 13:00:00,SELL,0.15044,31475.180529763147,4735.126158897568,0.0
632,2023-12-05 01:00:00,BUY,0.15219,30955.661156014776,4711.142071333888,0.0
633,2023-12-05 02:00:00,SELL,0.15105,30955.661156014776,4675.852617616031,0.0
634,2023-12-05 05:00:00,BUY,0.15417,30340.644031276668,4677.617090301924,0.0
635,2023-12-05 10:00:00,SELL,0.1512,30340.644031276668,4587.505377529033,0.0
636,2023-12-05 17:00:00,BUY,0.15341,29932.931120315996,4592.010963167677,0.0
637,2023-12-10 08:00:00,SELL,0.19479,29932.931120315996,5830.635652926353,0.0
638,2023-12-10 19:00:00,BUY,0.2014,28643.020945573087,5768.704418438419,0.0
639,2023-12-11 02:00:00,SELL,0.181,28643.020945573087,5184.386791148729,0.0
640,2023-12-11 21:00:00,BUY,0.1975,26397.988215256773,5213.602672513213,0.0
641,2023-12-12 17:00:00,SELL,0.19589,26397.988215256773,5171.101911486649,0.0
642,2023-12-13 18:00:00,BUY,0.19364,26715.693810875735,5173.226949537978,0.0
643,2023-12-15 05:00:00,SELL,0.2033,26715.693810875735,5431.300551751037,0.0
644,2023-12-16 10:00:00,BUY,0.20251,26756.194121971184,5418.396871640384,0.0
645,2023-12-16 15:00:00,SELL,0.19999,26756.194121971184,5350.9712624530175,0.0
646,2023-12-18 21:00:00,BUY,0.19576,27351.565911894082,5354.342542912385,0.0
647,2023-12-19 18:00:00,SELL,0.19101,27351.565911894082,5224.422604830889,0.0
648,2023-12-20 08:00:00,BUY,0.1973,26512.511919589273,5230.918601734964,0.0
649,2023-12-21 02:00:00,SELL,0.1949,26512.511919589273,5167.288573127949,0.0
650,2023-12-21 08:00:00,BUY,0.20331,25431.45971451626,5170.4700745583,0.0
651,2023-12-23 07:00:00,SELL,0.23091,25431.45971451626,5872.378362678949,0.0
652,2023-12-23 09:00:00,BUY,0.24271,24050.442702290457,5837.282948272917,0.0
653,2023-12-23 18:00:00,SELL,0.2323,24050.442702290457,5586.917839742073,0.0
654,2023-12-24 00:00:00,BUY,0.23577,23749.569899345188,5599.436095168615,0.0
655,2023-12-24 20:00:00,SELL,0.23393,23749.569899345188,5555.73688655382,0.0
656,2023-12-25 16:00:00,BUY,0.23809,23343.785320612205,5557.92184698456,0.0
657,2023-12-26 06:00:00,SELL,0.22809,23343.785320612205,5324.483993778437,0.0
658,2023-12-26 16:00:00,BUY,0.2377,22449.12026267877,5336.155886438743,0.0
659,2023-12-26 17:00:00,SELL,0.219,22449.12026267877,4916.357337526651,0.0
660,2023-12-27 15:00:00,BUY,0.23228,21256.01543383957,4937.347264972255,0.0
661,2023-12-27 17:00:00,SELL,0.2285,21256.01543383957,4856.999526632342,0.0
662,2023-12-27 18:00:00,BUY,0.2315,20997.91323347446,4861.016913549338,0.0
663,2023-12-28 07:00:00,SELL,0.22674,20997.91323347446,4761.066846557999,0.0
664,2023-12-28 09:00:00,BUY,0.23219,20526.570265332553,4766.064349907566,0.0
665,2023-12-28 13:00:00,SELL,0.2287,20526.570265332553,4694.426619681554,0.0
666,2023-12-28 19:00:00,BUY,0.2348,20008.55411496105,4698.008506192855,0.0
667,2023-12-29 01:00:00,SELL,0.22451,20008.55411496105,4492.120484349905,0.0
668,2023-12-29 06:00:00,BUY,0.2357,19102.311775316306,4502.414885442053,0.0
669,2023-12-29 17:00:00,SELL,0.2264,19102.311775316306,4324.763385931611,0.0
670,2023-12-31 12:00:00,BUY,0.2238,19363.922970988086,4333.6459609071335,0.0
671,2024-01-01 03:00:00,SELL,0.2222,19363.922970988086,4302.663684153553,0.0
672,2024-01-01 13:00:00,BUY,0.22709,18953.77514637911,4304.212797991232,0.0
673,2024-01-02 16:00:00,SELL,0.23158,18953.77514637911,4389.315248398474,0.0
674,2024-01-04 19:00:00,BUY,0.20743,21139.95143363116,4385.060125878112,0.0
675,2024-01-05 01:00:00,SELL,0.19919,21139.95143363116,4210.86692606499,0.0
676,2024-01-07 01:00:00,BUY,0.19129,22058.53199882716,4219.576586055647,0.0
677,2024-01-07 12:00:00,SELL,0.18877,22058.53199882716,4163.989085418602,0.0
678,2024-01-08 12:00:00,BUY,0.19468,21403.166532003568,4166.768460450455,0.0
679,2024-01-09 14:00:00,SELL,0.18795,21403.166532003568,4022.725149690071,0.0
680,2024-01-10 21:00:00,BUY,0.19777,20376.838323446882,4029.92731522809,0.0
681,2024-01-12 09:00:00,SELL,0.1975,20376.838323446882,4024.4255688807593,0.0
682,2024-01-12 11:00:00,BUY,0.2011,20013.42941918511,4024.7006561981257,0.0
683,2024-01-12 15:00:00,SELL,0.1941,20013.42941918511,3884.60665026383,0.0
684,2024-01-13 19:00:00,BUY,0.19139,20333.410055700635,3891.611350560545,0.0
685,2024-01-14 02:00:00,SELL,0.18764,20333.410055700635,3815.361062851667,0.0
686,2024-01-14 07:00:00,BUY,0.19025,20074.49974894671,3819.173577237111,0.0
687,2024-01-14 20:00:00,SELL,0.18802,20074.49974894671,3774.4074427969604,0.0
688,2024-01-15 10:00:00,BUY,0.1899,19887.550023796564,3776.645749518968,0.0
689,2024-01-15 15:00:00,SELL,0.1857,19887.550023796564,3693.118039419022,0.0
690,2024-01-16 01:00:00,BUY,0.1924,19216.70699024958,3697.294424924019,0.0
691,2024-01-17 12:00:00,SELL,0.19215,19216.70699024958,3692.490248176456,0.0
692,2024-01-21 12:00:00,BUY,0.1718,21494.35656003396,3692.7304570138344,0.0
693,2024-01-21 21:00:00,SELL,0.17129,21494.35656003396,3681.768335168217,0.0
694,2024-01-24 03:00:00,BUY,0.1587,23203.0021503497,3682.316441260498,0.0
695,2024-01-25 15:00:00,SELL,0.1601,23203.0021503497,3714.800644270987,0.0
696,2024-01-25 20:00:00,BUY,0.16279,22809.610136497715,3713.1764341204625,0.0
697,2024-01-26 07:00:00,SELL,0.1609,22809.610136497715,3670.066270962482,0.0
698,2024-01-26 11:00:00,BUY,0.16408,22380.678809851175,3672.221779120381,0.0
699,2024-01-27 10:00:00,SELL,0.16491,22380.678809851175,3690.797742532557,0.0
700,2024-01-27 12:00:00,BUY,0.1664,22174.693175252094,3689.8689443619483,0.0
701,2024-01-28 09:00:00,SELL,0.1659,22174.693175252094,3678.781597774322,0.0
702,2024-01-29 17:00:00,BUY,0.16677,22062.33714159443,3679.3359651037035,0.0
703,2024-01-30 22:00:00,SELL,0.1664,22062.33714159443,3671.172900361313,0.0
704,2024-02-02 00:00:00,BUY,0.15891,23104.782918623325,3671.5810535984324,0.0
705,2024-02-04 06:00:00,SELL,0.16136,23104.782918623325,3728.1877717490597,0.0
706,2024-02-05 14:00:00,BUY,0.16068,23184.947945242275,3725.3574358415285,0.0
707,2024-02-05 16:00:00,SELL,0.15973,23184.947945242275,3703.3317352935487,0.0
708,2024-02-06 17:00:00,BUY,0.16051,23079.14161311412,3704.433020320948,0.0
709,2024-02-10 12:00:00,SELL,0.1719,23079.14161311412,3967.304443294317,0.0
710,2024-02-10 19:00:00,BUY,0.17464,22641.78236455365,3954.1608721456487,0.0
711,2024-02-11 20:00:00,SELL,0.17468,22641.78236455365,3955.0665434402313,0.0
712,2024-02-11 23:00:00,BUY,0.17828,22184.32387186169,3955.021259875502,0.0
713,2024-02-12 12:00:00,SELL,0.17492,22184.32387186169,3880.4819316660464,0.0
714,2024-02-12 16:00:00,BUY,0.18018,21557.38094170562,3884.2088980765193,0.0
715,2024-02-13 13:00:00,SELL,0.17942,21557.38094170562,3867.8252885608226,0.0
716,2024-02-14 09:00:00,BUY,0.18319,21118.207702585336,3868.6444690366075,0.0
717,2024-02-17 10:00:00,SELL,0.19081,21118.207702585336,4029.565211730308,0.0
718,2024-02-17 23:00:00,BUY,0.192,20945.412367685538,4021.519174595623,0.0
719,2024-02-20 04:00:00,SELL,0.1974,20945.412367685538,4134.624401381125,0.0
720,2024-02-20 07:00:00,BUY,0.1997,20675.859489443414,4128.96914004185,0.0
721,2024-02-20 08:00:00,SELL,0.19751,20675.859489443414,4083.6890077599683,0.0
722,2024-02-20 11:00:00,BUY,0.20079,20349.385001115905,4085.953014374062,0.0
723,2024-02-20 15:00:00,SELL,0.19292,20349.385001115905,3925.8033544152804,0.0
724,2024-02-22 07:00:00,BUY,0.19195,20493.935073785982,3933.8108374132194,0.0
725,2024-02-23 04:00:00,SELL,0.185,20493.935073785982,3791.3779886504067,0.0
726,2024-02-23 22:00:00,BUY,0.18764,20243.54951550068,3798.499631088547,0.0
727,2024-02-24 04:00:00,SELL,0.18458,20243.54951550068,3736.5543695711153,0.0
728,2024-02-24 07:00:00,BUY,0.1905,19630.717231742714,3739.651632646987,0.0
729,2024-02-26 07:00:00,SELL,0.2,19630.717231742714,3926.143446348543,0.0
730,2024-02-26 16:00:00,BUY,0.2053,19078.51366616398,3916.8188556634655,0.0
731,2024-02-27 15:00:00,SELL,0.20293,19078.51366616398,3871.6027782746564,0.0
732,2024-02-27 20:00:00,BUY,0.208,18624.344144923543,3873.8635821440967,0.0
733,2024-02-28 20:00:00,SELL,0.20861,18624.344144923543,3885.2244320725003,0.0
734,2024-02-29 02:00:00,BUY,0.2146,18101.84710892861,3884.65638957608,0.0
735,2024-02-29 21:00:00,SELL,0.21318,18101.84710892861,3858.9517666814013,0.0
736,2024-03-01 07:00:00,BUY,0.2198,17562.497715314537,3860.2369978261354,0.0
737,2024-03-03 15:00:00,SELL,0.23884,17562.497715314537,4194.626954325724,0.0
738,2024-03-03 19:00:00,BUY,0.24227,17244.840287698622,4177.907456500745,0.0
739,2024-03-03 20:00:00,SELL,0.24096,17244.840287698622,4155.31671572386,0.0
740,2024-03-03 21:00:00,BUY,0.24461,16992.135451382626,4156.446252762704,0.0
741,2024-03-04 19:00:00,SELL,0.24737,16992.135451382626,4203.34454660852,0.0
742,2024-03-05 08:00:00,BUY,0.25337,16580.49347561365,4200.99963191623,0.0
743,2024-03-05 18:00:00,SELL,0.248,16580.49347561365,4111.962381952185,0.0
744,2024-03-06 15:00:00,BUY,0.2381,17288.594054810528,4116.414244450387,0.0
745,2024-03-08 15:00:00,SELL,0.26451,17288.594054810528,4573.006013437933,0.0
746,2024-03-09 06:00:00,BUY,0.27164,16750.75992117713,4550.1764249885555,0.0
747,2024-03-09 23:00:00,SELL,0.2704,16750.75992117713,4529.405482686296,0.0
748,2024-03-11 06:00:00,BUY,0.27271,16612.680245687392,4530.444029801409,0.0
749,2024-03-12 08:00:00,SELL,0.27805,16612.680245687392,4619.15574231338,0.0
750,2024-03-12 14:00:00,BUY,0.2878,16034.468925252888,4614.720156687781,0.0
751,2024-03-14 05:00:00,SELL,0.31272,16034.468925252888,5014.299122305083,0.0
752,2024-03-14 07:00:00,BUY,0.3181,15700.472096901032,4994.320174024218,0.0
753,2024-03-14 10:00:00,SELL,0.312,15700.472096901032,4898.547294233122,0.0
754,2024-03-15 01:00:00,BUY,0.31564,15534.583507231899,4903.335938222676,0.0
755,2024-03-15 02:00:00,SELL,0.30043,15534.583507231899,4667.054923077679,0.0
756,2024-03-16 03:00:00,BUY,0.30038,15576.49967985528,4678.8689738349285,0.0
757,2024-03-16 13:00:00,SELL,0.2856,15576.49967985528,4448.648308566669,0.0
758,2024-03-17 17:00:00,BUY,0.2753,16201.087329568041,4460.159341830082,0.0
759,2024-03-18 01:00:00,SELL,0.26771,16201.087329568041,4337.193088998661,0.0
760,2024-03-20 14:00:00,BUY,0.2385,18211.075059288185,4343.341401640232,0.0
761,2024-03-20 16:00:00,SELL,0.22455,18211.075059288185,4089.296904563162,0.0
762,2024-03-20 18:00:00,BUY,0.24398,16812.849944327467,4101.999129417015,0.0
763,2024-03-22 01:00:00,SELL,0.2439,16812.849944327467,4100.654101421469,0.0
764,2024-03-22 07:00:00,BUY,0.25269,16228.26923432366,4100.721352821246,0.0
765,2024-03-22 12:00:00,SELL,0.2434,16228.26923432366,3949.9607316343786,0.0
766,2024-03-23 08:00:00,BUY,0.24705,16019.01948064652,3957.4987626937227,0.0
767,2024-03-24 18:00:00,SELL,0.24894,16019.01948064652,3987.774709512145,0.0
768,2024-03-24 20:00:00,BUY,0.25514,15623.817951600002,3986.260912171224,0.0
769,2024-03-27 10:00:00,SELL,0.27781,15623.817951600002,4340.452865133997,0.0
770,2024-03-27 11:00:00,BUY,0.28561,15135.125757101847,4322.743267485858,0.0
771,2024-03-27 14:00:00,SELL,0.27283,15135.125757101847,4129.3163603100975,0.0
772,2024-03-28 16:00:00,BUY,0.27541,15028.45831912017,4138.987705668886,0.0
773,2024-03-29 00:00:00,SELL,0.2721,15028.45831912017,4089.243508632598,0.0
774,2024-03-29 07:00:00,BUY,0.27615,14817.058549644804,4091.7307184844126,0.0
775,2024-03-29 21:00:00,SELL,0.26677,14817.058549644804,3952.7467092887446,0.0
776,2024-03-31 09:00:00,BUY,0.2657,14902.882611021934,3959.695909748528,0.0
777,2024-03-31 12:00:00,SELL,0.26329,14902.882611021934,3923.7799626559654,0.0
778,2024-03-31 16:00:00,BUY,0.26509,14808.464144292857,3925.5757600105935,0.0
779,2024-04-01 05:00:00,SELL,0.25465,14808.464144292857,3770.975394344176,0.0
780,2024-04-03 08:00:00,BUY,0.24191,15620.29437653465,3778.705412627497,0.0
781,2024-04-03 16:00:00,SELL,0.2372,15620.29437653465,3705.133826114019,0.0
782,2024-04-04 10:00:00,BUY,0.2371,15642.397323659607,3708.8124054396926,0.0
783,2024-04-04 23:00:00,SELL,0.23671,15642.397323659607,3702.7118704834656,0.0
784,2024-04-06 00:00:00,BUY,0.2318,15975.051325415345,3703.016897231277,0.0
785,2024-04-08 05:00:00,SELL,0.2342,15975.051325415345,3741.3570204122734,0.0
786,2024-04-08 07:00:00,BUY,0.2397,15600.500685244988,3739.4400142532236,0.0
787,2024-04-09 08:00:00,SELL,0.23743,15600.500685244988,3704.0268776977173,0.0
788,2024-04-11 01:00:00,BUY,0.23116,16031.309631967004,3705.7975345254927,0.0
789,2024-04-11 05:00:00,SELL,0.223,16031.309631967004,3574.982047928642,0.0
790,2024-04-11 06:00:00,BUY,0.2317,15457.586630377577,3581.522822258484,0.0
791,2024-04-11 16:00:00,SELL,0.2269,15457.586630377577,3507.326406432672,0.0
792,2024-04-11 17:00:00,BUY,0.23067,15221.03536317667,3511.036227223962,0.0
793,2024-04-11 18:00:00,SELL,0.229,15221.03536317667,3485.6170981674577,0.0
794,2024-04-12 05:00:00,BUY,0.2305,15127.496983168256,3486.888054620283,0.0
795,2024-04-12 13:00:00,SELL,0.22295,15127.496983168256,3372.6754523973627,0.0
796,2024-04-15 00:00:00,BUY,0.17905,18868.394764079916,3378.386082508509,0.0
797,2024-04-15 16:00:00,SELL,0.17439,18868.394764079916,3290.4593629078963,0.0
798,2024-04-16 23:00:00,BUY,0.17499,18828.82278351864,3294.855698887927,0.0
799,2024-04-17 11:00:00,SELL,0.17,18828.82278351864,3200.899873198169,0.0
800,2024-04-18 12:00:00,BUY,0.17628,18184.692900400823,3205.597664482657,0.0
801,2024-04-19 03:00:00,SELL,0.16688,18184.692900400823,3034.6615512188896,0.0
802,2024-04-19 07:00:00,BUY,0.17489,17400.69962194567,3043.208356882078,0.0
803,2024-04-21 16:00:00,SELL,0.1842,17400.69962194567,3205.2088703623926,0.0
804,2024-04-22 04:00:00,BUY,0.19228,16627.360332267406,3197.108844688377,0.0
805,2024-04-23 11:00:00,SELL,0.19087,16627.360332267406,3173.66426661988,0.0
806,2024-04-23 15:00:00,BUY,0.19399,16365.980182088279,3174.836495523305,0.0
807,2024-04-23 22:00:00,SELL,0.19201,16365.980182088279,3142.43185476277,0.0
808,2024-04-24 00:00:00,BUY,0.20388,15421.091263492233,3144.0520868007966,0.0
809,2024-04-24 23:00:00,SELL,0.2115,15421.091263492233,3261.5608022286074,0.0
810,2024-04-26 06:00:00,BUY,0.2122,15342.532358422322,3255.685366457217,0.0
811,2024-04-26 12:00:00,SELL,0.19878,15342.532358422322,3049.7885822071894,0.0
812,2024-04-27 19:00:00,BUY,0.2001,15292.770721737585,3060.0834214196907,0.0
813,2024-04-28 12:00:00,SELL,0.19623,15292.770721737585,3000.900398726566,0.0
814,2024-04-28 20:00:00,BUY,0.19889,15103.120065670582,3003.859549861222,0.0
815,2024-04-28 22:00:00,SELL,0.1977,15103.120065670582,2985.886836983074,0.0
816,2024-05-01 16:00:00,BUY,0.1771,16864.965966273186,2986.7854726269816,0.0
817,2024-05-06 16:00:00,SELL,0.19589,16864.965966273186,3303.6781831332546,0.0
818,2024-05-07 17:00:00,BUY,0.19692,16696.29061348741,3287.833547607941,0.0
819,2024-05-07 23:00:00,SELL,0.19195,16696.29061348741,3204.8529832589084,0.0
820,2024-05-08 17:00:00,BUY,0.1925,16670.140319357713,3209.0020114763597,0.0
821,2024-05-08 20:00:00,SELL,0.18819,16670.140319357713,3137.153706699928,0.0
822,2024-05-09 15:00:00,BUY,0.19149,16401.619520281736,3140.7461219387496,0.0
823,2024-05-10 14:00:00,SELL,0.18632,16401.619520281736,3055.9497490188933,0.0
824,2024-05-13 11:00:00,BUY,0.179,17096.03110427311,3060.189567664886,0.0
825,2024-05-14 03:00:00,SELL,0.17589,17096.03110427311,3007.020910930597,0.0
826,2024-05-15 13:00:00,BUY,0.17848,16862.838098203225,3009.679343767312,0.0
827,2024-05-16 14:00:00,SELL,0.17461,16862.838098203225,2944.420160327265,0.0
828,2024-05-17 08:00:00,BUY,0.1795,16421.632977711794,2947.683119499267,0.0
829,2024-05-18 13:00:00,SELL,0.18036,16421.632977711794,2961.805723860099,0.0
830,2024-05-18 16:00:00,BUY,0.185,16005.943749416529,2961.0995936420577,0.0
831,2024-05-19 01:00:00,SELL,0.1817,16005.943749416529,2908.2799792689834,0.0
832,2024-05-20 17:00:00,BUY,0.1787,16289.428987060084,2910.920959987637,0.0
833,2024-05-22 03:00:00,SELL,0.1866,16289.428987060084,3039.6074489854113,0.0
834,2024-05-22 09:00:00,BUY,0.18831,16107.339623681815,3033.1731245355227,0.0
835,2024-05-22 12:00:00,SELL,0.18611,16107.339623681815,2997.7369773634227,0.0
836,2024-05-22 14:00:00,BUY,0.19365,15489.330156065209,2999.5087847220275,0.0
837,2024-05-22 15:00:00,SELL,0.1852,15489.330156065209,2868.623944903277,0.0
838,2024-05-24 13:00:00,BUY,0.18411,15616.578061453558,2875.1681868942146,0.0
839,2024-05-26 09:00:00,SELL,0.19,15616.578061453558,2967.149831676176,0.0
840,2024-05-26 12:00:00,BUY,0.19325,15330.146180786947,2962.5507494370777,0.0
841,2024-05-26 13:00:00,SELL,0.1886,15330.146180786947,2891.265569696418,0.0
842,2024-05-27 08:00:00,BUY,0.19091,15163.32213442696,2894.829828683451,0.0
843,2024-05-28 05:00:00,SELL,0.1908,15163.32213442696,2893.161863248664,0.0
844,2024-05-28 22:00:00,BUY,0.19482,14850.863676831965,2893.2452615204033,0.0
845,2024-05-29 10:00:00,SELL,0.19131,14850.863676831965,2841.1187300147235,0.0
846,2024-05-29 12:00:00,BUY,0.1943,14635.7439865672,2843.725056590007,0.0
847,2024-05-29 14:00:00,SELL,0.19089,14635.7439865672,2793.817169595813,0.0
848,2024-05-30 15:00:00,BUY,0.19211,14555.788683283134,2796.312563945523,0.0
849,2024-05-31 03:00:00,SELL,0.18861,14555.788683283134,2745.367303554032,0.0
850,2024-06-01 23:00:00,BUY,0.1885,14577.796109143801,2747.9145665736064,0.0
851,2024-06-02 09:00:00,SELL,0.185,14577.796109143801,2696.8922801916033,0.0
852,2024-06-03 06:00:00,BUY,0.18704,14432.439021122238,2699.4433945107035,0.0
853,2024-06-03 22:00:00,SELL,0.18478,14432.439021122238,2666.826082322967,0.0
854,2024-06-04 16:00:00,BUY,0.18632,14321.902897876524,2668.456947932354,0.0
855,2024-06-06 05:00:00,SELL,0.186,14321.902897876524,2663.873939005033,0.0
856,2024-06-06 21:00:00,BUY,0.1872,14231.319922283115,2664.1030894513992,0.0
857,2024-06-07 02:00:00,SELL,0.1842,14231.319922283115,2621.40912968455,0.0
858,2024-06-07 08:00:00,BUY,0.18733,14004.931552196083,2623.5438276728923,0.0
859,2024-06-07 18:00:00,SELL,0.17479,14004.931552196083,2447.9219860083535,0.0
860,2024-06-09 14:00:00,BUY,0.1704,14417.271585044486,2456.70307809158,0.0
861,2024-06-10 06:00:00,SELL,0.16755,14417.271585044486,2415.6138540742036,0.0
862,2024-06-10 18:00:00,BUY,0.1705,14179.872816862595,2417.6683152750725,0.0
863,2024-06-10 20:00:00,SELL,0.167,14179.872816862595,2368.0387604160533,0.0
864,2024-06-11 23:00:00,BUY,0.1665,14237.358787741767,2370.5202381590043,0.0
865,2024-06-12 00:00:00,SELL,0.1574,14237.358787741767,2240.9602731905543,0.0
866,2024-06-12 12:00:00,BUY,0.16569,13564.11534455294,2247.4382714389767,0.0
867,2024-06-13 03:00:00,SELL,0.16082,13564.11534455294,2181.3810297110035,0.0
868,2024-06-15 12:00:00,BUY,0.1541,14177.053158970815,2184.6838917974023,0.0
869,2024-06-15 19:00:00,SELL,0.15253,14177.053158970815,2162.4259183378185,0.0
870,2024-06-16 12:00:00,BUY,0.15349,14095.633702591686,2163.5388170107976,0.0
871,2024-06-17 04:00:00,SELL,0.1521,14095.633702591686,2143.9458861641956,0.0
872,2024-06-19 04:00:00,BUY,0.13799,15544.065024324413,2144.9255327065257,0.0
873,2024-06-20 17:00:00,SELL,0.1402,15544.065024324413,2179.2779164102826,0.0
874,2024-06-21 14:00:00,BUY,0.1418,15356.56062923198,2177.560297225095,0.0
875,2024-06-22 04:00:00,SELL,0.13726,15356.56062923198,2107.8415119683814,0.0
876,2024-06-23 13:00:00,BUY,0.13611,15511.920147169325,2111.327451231217,0.0
877,2024-06-23 15:00:00,SELL,0.13334,15511.920147169325,2068.359432423558,0.0
878,2024-06-25 03:00:00,BUY,0.1375,15058.238788101386,2070.507833363941,0.0
879,2024-06-26 18:00:00,SELL,0.13958,15058.238788101386,2101.8289700431915,0.0
880,2024-06-27 00:00:00,BUY,0.14128,14865.960597460567,2100.262913209229,0.0
881,2024-06-27 09:00:00,SELL,0.1387,14865.960597460567,2061.9087348677804,0.0
882,2024-06-27 13:00:00,BUY,0.1437,14362.049017291949,2063.826443784853,0.0
883,2024-06-28 17:00:00,SELL,0.1411,14362.049017291949,2026.4851163398941,0.0
884,2024-06-30 10:00:00,BUY,0.1407,14416.149130860995,2028.352182712142,0.0
885,2024-07-03 03:00:00,SELL,0.14632,14416.149130860995,2109.370940827581,0.0
886,2024-07-05 17:00:00,BUY,0.1324,15901.208481282545,2105.3200029218087,0.0
887,2024-07-07 13:00:00,SELL,0.13197,15901.208481282545,2098.4824832748577,0.0
888,2024-07-08 12:00:00,BUY,0.13608,15423.459430167586,2098.8243592572053,0.0
889,2024-07-10 14:00:00,SELL,0.13728,15423.459430167586,2117.3325105734066,0.0
890,2024-07-11 02:00:00,BUY,0.13889,15238.009237580793,2116.4071030075966,0.0
891,2024-07-11 20:00:00,SELL,0.1386,15238.009237580793,2111.988080328698,0.0
892,2024-07-13 02:00:00,BUY,0.13819,15284.818231873815,2112.2090314626425,0.0
893,2024-07-16 08:00:00,SELL,0.1537,15284.818231873815,2349.276562239005,0.0
894,2024-07-16 14:00:00,BUY,0.15721,14868.158423129493,2337.4231857001873,0.0
895,2024-07-17 16:00:00,SELL,0.15647,14868.158423129493,2326.420748467072,0.0
896,2024-07-19 16:00:00,BUY,0.1592,14616.651195532206,2326.9708703287274,0.0
897,2024-07-21 12:00:00,SELL,0.15695,14616.651195532206,2294.0834051387797,0.0
898,2024-07-24 14:00:00,BUY,0.1466,15659.807492484837,2295.727778398277,0.0
899,2024-07-24 16:00:00,SELL,0.1431,15659.807492484837,2240.91845217458,0.0
900,2024-07-26 06:00:00,BUY,0.14,16026.135132041176,2243.658918485765,0.0
901,2024-07-28 16:00:00,SELL,0.1389,16026.135132041176,2226.030169840519,0.0
902,2024-07-29 07:00:00,BUY,0.1443,15432.512870913246,2226.9116072727816,0.0
903,2024-07-29 19:00:00,SELL,0.1412,15432.512870913246,2179.0708173729504,0.0
904,2024-07-30 08:00:00,BUY,0.14436,15111.269443529662,2181.462856867942,0.0
905,2024-07-30 14:00:00,SELL,0.14099,15111.269443529662,2130.537878843247,0.0
906,2024-07-31 14:00:00,BUY,0.14121,15105.758287263521,2133.084127744482,0.0
907,2024-07-31 23:00:00,SELL,0.13609,15105.758287263521,2055.7426453136923,0.0
908,2024-08-05 17:00:00,BUY,0.1132,18194.432150487915,2059.609719435232,0.0
909,2024-08-07 16:00:00,SELL,0.11268,18194.432150487915,2050.1486147169785,0.0
910,2024-08-08 05:00:00,BUY,0.11398,17991.065712869724,2050.621669952891,0.0
911,2024-08-09 04:00:00,SELL,0.11298,17991.065712869724,2032.6306042400213,0.0
912,2024-08-09 06:00:00,BUY,0.1211,16792.156544390295,2033.5301575256647,0.0
913,2024-08-09 16:00:00,SELL,0.11553,16792.156544390295,1939.9978455734106,0.0
914,2024-08-09 21:00:00,BUY,0.1195,16273.426453314005,1944.6744611710235,0.0
915,2024-08-11 15:00:00,SELL,0.11979,16273.426453314005,1949.3937548424844,0.0
916,2024-08-12 15:00:00,BUY,0.1196,16297.305937783538,1949.1577901589112,0.0
917,2024-08-13 10:00:00,SELL,0.1163,16297.305937783538,1895.3766805642256,0.0
918,2024-08-13 14:00:00,BUY,0.11928,15912.690610697184,1898.06573604396,0.0
919,2024-08-14 15:00:00,SELL,0.11857,15912.690610697184,1886.767725710365,0.0
920,2024-08-15 12:00:00,BUY,0.12117,15575.90679398403,1887.3326262270448,0.0
921,2024-08-15 18:00:00,SELL,0.11577,15575.90679398403,1803.2227295395312,0.0
922,2024-08-16 09:00:00,BUY,0.11961,15111.012660930583,1807.428224373907,0.0
923,2024-08-16 14:00:00,SELL,0.1159,15111.012660930583,1751.3663674018546,0.0
924,2024-08-17 19:00:00,BUY,0.1176,14916.406974918855,1754.1694602504572,0.0
925,2024-08-19 02:00:00,SELL,0.1177,14916.406974918855,1755.661100947949,0.0
926,2024-08-19 13:00:00,BUY,0.12011,14616.489209167219,1755.5865189130745,0.0
927,2024-08-25 03:00:00,SELL,0.1436,14616.489209167219,2098.927850436413,0.0
928,2024-08-27 20:00:00,BUY,0.14,14869.719884716043,2081.760783860246,0.0
929,2024-08-27 22:00:00,SELL,0.1269,14869.719884716043,1886.967453370466,0.0
930,2024-08-28 18:00:00,BUY,0.1307,14511.913694682133,1896.707119894955,0.0
931,2024-08-28 20:00:00,SELL,0.12908,14511.913694682133,1873.1978197095698,0.0
932,2024-08-29 14:00:00,BUY,0.13184,14217.03037559799,1874.3732847188392,0.0
933,2024-08-29 19:00:00,SELL,0.125,14217.03037559799,1777.1287969497487,0.0
934,2024-08-30 12:00:00,BUY,0.1287,13846.08408188192,1781.9910213382032,0.0
935,2024-08-30 15:00:00,SELL,0.12287,13846.08408188192,1701.2683511408313,0.0
936,2024-09-02 13:00:00,BUY,0.12265,13903.827840609049,1705.3044846506998,0.0
937,2024-09-03 13:00:00,SELL,0.122,13903.827840609049,1696.266996554304,0.0
938,2024-09-04 16:00:00,BUY,0.12047,14084.160960895857,1696.7188709591237,0.0
939,2024-09-05 10:00:00,SELL,0.11818,14084.160960895857,1664.4661423586722,0.0
940,2024-09-07 13:00:00,BUY,0.12176,13683.301402666679,1666.0787787886948,0.0
941,2024-09-10 18:00:00,SELL,0.12655,13683.301402666679,1731.6217925074682,0.0
942,2024-09-10 19:00:00,BUY,0.12831,13470.069689202162,1728.3446418215296,0.0
943,2024-09-11 05:00:00,SELL,0.12632,13470.069689202162,1701.539203140017,0.0
944,2024-09-11 20:00:00,BUY,0.12702,13406.388561439873,1702.8794750740926,0.0
945,2024-09-13 14:00:00,SELL,0.12811,13406.388561439873,1717.4924386060623,0.0
946,2024-09-13 18:00:00,BUY,0.13221,12985.11300529055,1716.7617904294636,0.0
947,2024-09-14 17:00:00,SELL,0.13138,12985.11300529055,1705.9841466350724,0.0
948,2024-09-17 07:00:00,BUY,0.12473,13681.73678204756,1706.523028824792,0.0
949,2024-09-18 08:00:00,SELL,0.12275,13681.73678204756,1679.433189996338,0.0
950,2024-09-18 20:00:00,BUY,0.12508,13437.701326653028,1680.7876819377607,0.0
951,2024-09-20 18:00:00,SELL,0.12756,13437.701326653028,1714.1131812278604,0.0
952,2024-09-21 07:00:00,BUY,0.13408,12771.829551486839,1712.4469062633555,0.0
953,2024-09-22 07:00:00,SELL,0.13271,12771.829551486839,1694.9494997778183,0.0
954,2024-09-23 04:00:00,BUY,0.13444,12613.986686269674,1695.8243701020951,0.0
955,2024-09-24 06:00:00,SELL,0.13356,12613.986686269674,1684.724061818178,0.0
956,2024-09-24 07:00:00,BUY,0.13448,12531.819432126516,1685.2790772323738,0.0
957,2024-09-24 11:00:00,SELL,0.13239,12531.819432126516,1659.0875746192296,0.0
958,2024-09-24 14:00:00,BUY,0.13468,12328.461165354076,1660.397149749887,0.0
959,2024-09-25 23:00:00,SELL,0.13788,12328.461165354076,1699.8482254790201,0.0
960,2024-09-26 08:00:00,BUY,0.1401,12119.026921431572,1697.8756716925634,0.0
961,2024-09-28 02:00:00,SELL,0.14349,12119.026921431572,1738.9591729562164,0.0
962,2024-09-29 21:00:00,BUY,0.14272,12170.018202725852,1736.9049978930339,0.0
963,2024-09-30 03:00:00,SELL,0.13804,12170.018202725852,1679.9493127042767,0.0
964,2024-10-03 20:00:00,BUY,0.1219,13804.734183459512,1682.7970969637145,0.0
965,2024-10-06 08:00:00,SELL,0.12639,13804.734183459512,1744.7803534474476,0.0
966,2024-10-06 23:00:00,BUY,0.1266,13757.3553761711,1741.681190623261,0.0
967,2024-10-07 12:00:00,SELL,0.12568,13757.3553761711,1729.0244236771834,0.0
968,2024-10-07 18:00:00,BUY,0.12827,13484.503485027577,1729.6572620244872,0.0
969,2024-10-07 20:00:00,SELL,0.12606,13484.503485027577,1699.8565093225764,0.0
970,2024-10-09 13:00:00,BUY,0.12267,13869.296054109986,1701.346546957672,0.0
971,2024-10-09 14:00:00,SELL,0.11999,13869.296054109986,1664.1768335326572,0.0
972,2024-10-10 12:00:00,BUY,0.12015,13866.294791543136,1666.0353192039079,0.0
973,2024-10-10 13:00:00,SELL,0.11874,13866.294791543136,1646.4838435478318,0.0
974,2024-10-11 07:00:00,BUY,0.1198,13751.764752342535,1647.4614173306356,0.0
975,2024-10-13 09:00:00,SELL,0.12266,13751.764752342535,1686.7914645223354,0.0
976,2024-10-14 04:00:00,BUY,0.12458,13524.040473292267,1684.8249621627506,0.0
977,2024-10-15 14:00:00,SELL,0.12074,13524.040473292267,1632.8926467453084,0.0
978,2024-10-15 15:00:00,BUY,0.1307,12513.30728780551,1635.4892625161804,0.0
979,2024-10-15 22:00:00,SELL,0.12365,12513.30728780551,1547.2704461371513,0.0
980,2024-10-18 10:00:00,BUY,0.12182,12737.492915417033,1551.6813869561029,0.0
981,2024-10-19 17:00:00,SELL,0.12294,12737.492915417033,1565.94737902137,0.0
982,2024-10-20 07:00:00,BUY,0.12441,12581.256164441014,1565.2340794181066,0.0
983,2024-10-21 13:00:00,SELL,0.12558,12581.256164441014,1579.9541491305026,0.0
984,2024-10-22 06:00:00,BUY,0.12803,12334.750805630576,1579.2181456448827,0.0
985,2024-10-22 08:00:00,SELL,0.12533,12334.750805630576,1545.91431846968,0.0
986,2024-10-24 03:00:00,BUY,0.12295,12587.063927030827,1547.5795098284402,0.0
987,2024-10-24 12:00:00,SELL,0.12037,12587.063927030827,1515.1048848967007,0.0
988,2024-10-24 21:00:00,BUY,0.12366,12265.313085422024,1516.7286161432876,0.0
989,2024-10-25 07:00:00,SELL,0.11916,12265.313085422024,1461.5347072588884,0.0
990,2024-10-27 09:00:00,BUY,0.11453,12785.247556999111,1464.2944027031083,0.0
991,2024-10-28 09:00:00,SELL,0.11522,12785.247556999111,1473.1162235174377,0.0
992,2024-10-28 20:00:00,BUY,0.11681,12607.440565676923,1472.6751324767213,0.0
993,2024-10-30 13:00:00,SELL,0.12004,12607.440565676923,1513.3971655038579,0.0
994,2024-10-30 21:00:00,BUY,0.12797,11810.276344865992,1511.361063852501,0.0
995,2024-10-31 02:00:00,SELL,0.12,11810.276344865992,1417.233161383919,0.0
996,2024-11-02 02:00:00,BUY,0.11621,12235.948339276723,1421.939556507348,0.0
997,2024-11-02 15:00:00,SELL,0.11353,12235.948339276723,1389.1472149580866,0.0
998,2024-11-05 04:00:00,BUY,0.11237,12376.851757902907,1390.7868320355497,0.0
999,2024-11-12 13:00:00,SELL,0.14662,12376.851757902907,1814.6940047437242,0.0
1000,2024-11-12 22:00:00,BUY,0.15615,11485.742210107688,1793.4986461083156,0.0
1001,2024-11-13 04:00:00,SELL,0.142,11485.742210107688,1630.9753938352915,0.0
1002,2024-11-13 16:00:00,BUY,0.15456,10604.953134374628,1639.1015564489426,0.0
1003,2024-11-13 19:00:00,SELL,0.14316,10604.953134374628,1518.2050907170717,0.0
1004,2024-11-14 06:00:00,BUY,0.14986,10171.159175254674,1524.2499140036653,0.0
1005,2024-11-14 15:00:00,SELL,0.14154,10171.159175254674,1439.6258696655466,0.0
1006,2024-11-14 20:00:00,BUY,0.15048,9595.009781249684,1443.8570718824526,0.0
1007,2024-11-14 22:00:00,SELL,0.13994,9595.009781249684,1342.7256687880808,0.0
1008,2024-11-15 02:00:00,BUY,0.15199,8867.571806979404,1347.7822389427995,0.0
1009,2024-11-17 02:00:00,SELL,0.18444,8867.571806979404,1635.534944079281,0.0
1010,2024-11-17 10:00:00,BUY,0.1945,8334.947603200293,1621.147308822457,0.0
1011,2024-11-17 11:00:00,SELL,0.19066,8334.947603200293,1589.1411100261678,0.0
1012,2024-11-18 04:00:00,BUY,0.20999,7575.319872212877,1590.7414199659822,0.0
1013,2024-11-19 08:00:00,SELL,0.20773,7575.319872212877,1573.621197054781,0.0
1014,2024-11-19 14:00:00,BUY,0.21555,7304.463967526519,1574.477208200341,0.0
1015,2024-11-20 16:00:00,SELL,0.21352,7304.463967526519,1559.6491463462621,0.0
1016,2024-11-21 22:00:00,BUY,0.21599,7224.364782809233,1560.390549438966,0.0
1017,2024-11-24 12:00:00,SELL,0.2749,7224.364782809233,1985.9778787942578,0.0
1018,2024-11-25 06:00:00,BUY,0.29152,6739.498189923482,1964.6985123264933,0.0
1019,2024-11-25 07:00:00,SELL,0.26399,6739.498189923482,1779.1601271579,0.0
1020,2024-11-25 09:00:00,BUY,0.29023,6162.137085815834,1788.4370464163296,0.0
1021,2024-11-25 13:00:00,SELL,0.27516,6162.137085815834,1695.5736405330852,0.0
1022,2024-11-26 15:00:00,BUY,0.27751,6126.686644903778,1700.2168108272474,0.0
1023,2024-11-28 01:00:00,SELL,0.28936,6126.686644903778,1772.8180475693573,0.0
1024,2024-11-28 14:00:00,BUY,0.2996,5905.166841562924,1769.1879857322517,0.0
1025,2024-11-28 15:00:00,SELL,0.29042,5905.166841562924,1714.9785541267045,0.0
1026,2024-11-28 17:00:00,BUY,0.30242,5679.812928070173,1717.689025706982,0.0
1027,2024-12-02 11:00:00,SELL,0.46816,5679.812928070173,2659.0612204053323,0.0
1028,2024-12-02 14:00:00,BUY,0.49426,5284.65303821959,2611.9926106704143,0.0
1029,2024-12-03 23:00:00,SELL,0.51246,5284.65303821959,2708.173295966011,0.0
1030,2024-12-06 19:00:00,BUY,0.48373,5588.580947431897,2703.3642617012315,0.0
1031,2024-12-08 09:00:00,SELL,0.49,5588.580947431897,2738.4046642416292,0.0
1032,2024-12-11 11:00:00,BUY,0.42999,6364.456485301075,2736.6526441146093,0.0
1033,2024-12-12 15:00:00,SELL,0.43278,6364.456485301075,2754.4094777085993,0.0
1034,2024-12-13 14:00:00,BUY,0.43927,6268.403569624377,2753.5216360289,0.0
1035,2024-12-14 07:00:00,SELL,0.42987,6268.403569624377,2694.598642474431,0.0
1036,2024-12-15 12:00:00,BUY,0.42353,6369.194135367399,2697.5447921521545,0.0
1037,2024-12-15 20:00:00,SELL,0.41767,6369.194135367399,2660.2213145189016,0.0
1038,2024-12-15 23:00:00,BUY,0.4362,6102.905750574425,2662.087488400564,0.0
1039,2024-12-16 06:00:00,SELL,0.41843,6102.905750574425,2553.6388532128567,0.0
1040,2024-12-16 17:00:00,BUY,0.43291,5911.300928535359,2559.0612849722424,0.0
1041,2024-12-16 23:00:00,SELL,0.41301,5911.300928535359,2441.4263964943884,0.0
1042,2024-12-17 10:00:00,BUY,0.42931,5700.561694156392,2447.308140918281,0.0
1043,2024-12-17 23:00:00,SELL,0.41,5700.561694156392,2337.2302946041204,0.0
1044,2024-12-20 22:00:00,BUY,0.34491,6792.305780985847,2342.7341869198285,0.0
1045,2024-12-21 16:00:00,SELL,0.33818,6792.305780985847,2297.0219690137938,0.0
1046,2024-12-22 12:00:00,BUY,0.34625,6640.59950876273,2299.3075799090952,0.0
1047,2024-12-25 12:00:00,SELL,0.3822,6640.59950876273,2538.037132249115,0.0
1048,2024-12-27 10:00:00,BUY,0.36088,6999.83555373563,2526.100654632114,0.0
1049,2024-12-27 14:00:00,SELL,0.34471,6999.83555373563,2412.9133137282092,0.0
1050,2024-12-28 17:00:00,BUY,0.34333,7044.454841620029,2418.5726807734045,0.0
1051,2024-12-29 11:00:00,SELL,0.33882,7044.454841620029,2386.802189437698,0.0
1052,2024-12-30 20:00:00,BUY,0.34773,6868.520731614999,2388.3907140044835,0.0
